Workbook

Sheet SalesRaw
A1: id | B1: item_id | C1: dept_id | D1: cat_id | E1: store_id | F1: state_id | G1: d_1 | H1: d_2 | I1: d_3 | J1: d_4 | K1: d_5 | L1: d_6 | M1: d_7 | N1: d_8 | O1: d_9 | P1: d_10 | Q1: d_11 | R1: d_12 | S1: d_13 | T1: d_14 | U1: d_15 | V1: d_16 | W1: d_17 | X1: d_18 | Y1: d_19 | Z1: d_20 | AA1: d_21 | AB1: d_22 | AC1: d_23 | AD1: d_24 | AE1: d_25 | AF1: d_26 | AG1: d_27 | AH1: d_28 | AI1: d_29 | AJ1: d_30 | AK1: d_31 | AL1: d_32 | AM1: d_33 | AN1: d_34 | AO1: d_35 | AP1: d_36 | AQ1: d_37 | AR1: d_38 | AS1: d_39 | AT1: d_40 | AU1: d_41 | AV1: d_42 | AW1: d_43 | AX1: d_44 | AY1: d_45 | AZ1: d_46 | BA1: d_47 | BB1: d_48 | BC1: d_49 | BD1: d_50 | BE1: d_51 | BF1: d_52 | BG1: d_53 | BH1: d_54 | BI1: d_55 | BJ1: d_56 | BK1: d_57 | BL1: d_58 | BM1: d_59 | BN1: d_60 | BO1: d_61 | BP1: d_62 | BQ1: d_63 | BR1: d_64 | BS1: d_65 | BT1: d_66 | BU1: d_67 | BV1: d_68 | BW1: d_69 | BX1: d_70 | BY1: d_71 | BZ1: d_72 | CA1: d_73 | CB1: d_74 | CC1: d_75 | CD1: d_76 | CE1: d_77 | CF1: d_78 | CG1: d_79 | CH1: d_80 | CI1: d_81 | CJ1: d_82 | CK1: d_83 | CL1: d_84 | CM1: d_85 | CN1: d_86 | CO1: d_87 | CP1: d_88 | CQ1: d_89 | CR1: d_90 | CS1: d_91 | CT1: d_92 | CU1: d_93 | CV1: d_94 | CW1: d_95 | CX1: d_96 | CY1: d_97 | CZ1: d_98 | DA1: d_99 | DB1: d_100 | DC1: d_101 | DD1: d_102 | DE1: d_103 | DF1: d_104 | DG1: d_105 | DH1: d_106 | DI1: d_107 | DJ1: d_108 | DK1: d_109 | DL1: d_110 | DM1: d_111 | DN1: d_112 | DO1: d_113 | DP1: d_114 | DQ1: d_115 | DR1: d_116 | DS1: d_117 | DT1: d_118 | DU1: d_119 | DV1: d_120 | DW1: d_121 | DX1: d_122 | DY1: d_123 | DZ1: d_124 | EA1: d_125 | EB1: d_126 | EC1: d_127 | ED1: d_128 | EE1: d_129 | EF1: d_130 | EG1: d_131 | EH1: d_132 | EI1: d_133 | EJ1: d_134 | EK1: d_135 | EL1: d_136 | EM1: d_137 | EN1: d_138 | EO1: d_139 | EP1: d_140 | EQ1: d_141 | ER1: d_142 | ES1: d_143 | ET1: d_144 | EU1: d_145 | EV1: d_146 | EW1: d_147 | EX1: d_148 | EY1: d_149 | EZ1: d_150 | FA1: d_151 | FB1: d_152 | FC1: d_153 | FD1: d_154 | FE1: d_155 | FF1: d_156 | FG1: d_157 | FH1: d_158 | FI1: d_159 | FJ1: d_160 | FK1: d_161 | FL1: d_162 | FM1: d_163 | FN1: d_164 | FO1: d_165 | FP1: d_166 | FQ1: d_167 | FR1: d_168 | FS1: d_169 | FT1: d_170 | FU1: d_171 | FV1: d_172 | FW1: d_173 | FX1: d_174 | FY1: d_175 | FZ1: d_176 | GA1: d_177 | GB1: d_178 | GC1: d_179 | GD1: d_180 | GE1: d_181 | GF1: d_182 | GG1: d_183 | GH1: d_184 | GI1: d_185 | GJ1: d_186 | GK1: d_187 | GL1: d_188 | GM1: d_189 | GN1: d_190 | GO1: d_191 | GP1: d_192 | GQ1: d_193 | GR1: d_194 | GS1: d_195 | GT1: d_196 | GU1: d_197 | GV1: d_198 | GW1: d_199 | GX1: d_200 | GY1: d_201 | GZ1: d_202 | HA1: d_203 | HB1: d_204 | HC1: d_205 | HD1: d_206 | HE1: d_207 | HF1: d_208 | HG1: d_209 | HH1: d_210 | HI1: d_211 | HJ1: d_212 | HK1: d_213 | HL1: d_214 | HM1: d_215 | HN1: d_216 | HO1: d_217 | HP1: d_218 | HQ1: d_219 | HR1: d_220 | HS1: d_221 | HT1: d_222 | HU1: d_223 | HV1: d_224 | HW1: d_225 | HX1: d_226 | HY1: d_227 | HZ1: d_228 | IA1: d_229 | IB1: d_230 | IC1: d_231 | ID1: d_232 | IE1: d_233 | IF1: d_234 | IG1: d_235 | IH1: d_236 | II1: d_237 | IJ1: d_238 | IK1: d_239 | IL1: d_240 | IM1: d_241 | IN1: d_242 | IO1: d_243 | IP1: d_244 | IQ1: d_245 | IR1: d_246 | IS1: d_247 | IT1: d_248 | IU1: d_249 | IV1: d_250 | IW1: d_251 | IX1: d_252 | IY1: d_253 | IZ1: d_254 | JA1: d_255 | JB1: d_256 | JC1: d_257 | JD1: d_258 | JE1: d_259 | JF1: d_260 | JG1: d_261 | JH1: d_262 | JI1: d_263 | JJ1: d_264 | JK1: d_265 | JL1: d_266 | JM1: d_267 | JN1: d_268 | JO1: d_269 | JP1: d_270 | JQ1: d_271 | JR1: d_272 | JS1: d_273 | JT1: d_274 | JU1: d_275 | JV1: d_276 | JW1: d_277 | JX1: d_278 | JY1: d_279 | JZ1: d_280 | KA1: d_281 | KB1: d_282 | KC1: d_283 | KD1: d_284 | KE1: d_285 | KF1: d_286 | KG1: d_287 | KH1: d_288 | KI1: d_289 | KJ1: d_290 | KK1: d_291 | KL1: d_292 | KM1: d_293 | KN1: d_294 | KO1: d_295 | KP1: d_296 | KQ1: d_297 | KR1: d_298 | KS1: d_299 | KT1: d_300 | KU1: d_301 | KV1: d_302 | KW1: d_303 | KX1: d_304 | KY1: d_305 | KZ1: d_306 | LA1: d_307 | LB1: d_308 | LC1: d_309 | LD1: d_310 | LE1: d_311 | LF1: d_312 | LG1: d_313 | LH1: d_314 | LI1: d_315 | LJ1: d_316 | LK1: d_317 | LL1: d_318 | LM1: d_319 | LN1: d_320 | LO1: d_321 | LP1: d_322 | LQ1: d_323 | LR1: d_324 | LS1: d_325 | LT1: d_326 | LU1: d_327 | LV1: d_328 | LW1: d_329 | LX1: d_330 | LY1: d_331 | LZ1: d_332 | MA1: d_333 | MB1: d_334 | MC1: d_335 | MD1: d_336 | ME1: d_337 | MF1: d_338 | MG1: d_339 | MH1: d_340 | MI1: d_341 | MJ1: d_342 | MK1: d_343 | ML1: d_344 | MM1: d_345 | MN1: d_346 | MO1: d_347 | MP1: d_348 | MQ1: d_349 | MR1: d_350 | MS1: d_351 | MT1: d_352 | MU1: d_353 | MV1: d_354 | MW1: d_355 | MX1: d_356 | MY1: d_357 | MZ1: d_358 | NA1: d_359 | NB1: d_360 | NC1: d_361 | ND1: d_362 | NE1: d_363 | NF1: d_364 | NG1: d_365 | NH1: d_366 | NI1: d_367 | NJ1: d_368 | NK1: d_369 | NL1: d_370 | NM1: d_371 | NN1: d_372 | NO1: d_373 | NP1: d_374 | NQ1: d_375 | NR1: d_376 | NS1: d_377 | NT1: d_378 | NU1: d_379 | NV1: d_380 | NW1: d_381 | NX1: d_382 | NY1: d_383 | NZ1: d_384 | OA1: d_385 | OB1: d_386 | OC1: d_387 | OD1: d_388 | OE1: d_389 | OF1: d_390 | OG1: d_391 | OH1: d_392 | OI1: d_393 | OJ1: d_394 | OK1: d_395 | OL1: d_396 | OM1: d_397 | ON1: d_398 | OO1: d_399 | OP1: d_400 | OQ1: d_401 | OR1: d_402 | OS1: d_403 | OT1: d_404 | OU1: d_405 | OV1: d_406 | OW1: d_407 | OX1: d_408 | OY1: d_409 | OZ1: d_410 | PA1: d_411 | PB1: d_412 | PC1: d_413 | PD1: d_414 | PE1: d_415 | PF1: d_416 | PG1: d_417 | PH1: d_418 | PI1: d_419 | PJ1: d_420 | PK1: d_421 | PL1: d_422 | PM1: d_423 | PN1: d_424 | PO1: d_425 | PP1: d_426 | PQ1: d_427 | PR1: d_428 | PS1: d_429 | PT1: d_430 | PU1: d_431 | PV1: d_432 | PW1: d_433 | PX1: d_434 | PY1: d_435 | PZ1: d_436 | QA1: d_437 | QB1: d_438 | QC1: d_439 | QD1: d_440 | QE1: d_441 | QF1: d_442 | QG1: d_443 | QH1: d_444 | QI1: d_445 | QJ1: d_446 | QK1: d_447 | QL1: d_448 | QM1: d_449 | QN1: d_450 | QO1: d_451 | QP1: d_452 | QQ1: d_453 | QR1: d_454 | QS1: d_455 | QT1: d_456 | QU1: d_457 | QV1: d_458 | QW1: d_459 | QX1: d_460 | QY1: d_461 | QZ1: d_462 | RA1: d_463 | RB1: d_464 | RC1: d_465 | RD1: d_466 | RE1: d_467 | RF1: d_468 | RG1: d_469 | RH1: d_470 | RI1: d_471 | RJ1: d_472 | RK1: d_473 | RL1: d_474 | RM1: d_475 | RN1: d_476 | RO1: d_477 | RP1: d_478 | RQ1: d_479 | RR1: d_480 | RS1: d_481 | RT1: d_482 | RU1: d_483 | RV1: d_484 | RW1: d_485 | RX1: d_486 | RY1: d_487 | RZ1: d_488 | SA1: d_489 | SB1: d_490 | SC1: d_491 | SD1: d_492 | SE1: d_493 | SF1: d_494 | SG1: d_495 | SH1: d_496 | SI1: d_497 | SJ1: d_498 | SK1: d_499 | SL1: d_500 | SM1: d_501 | SN1: d_502 | SO1: d_503 | SP1: d_504 | SQ1: d_505 | SR1: d_506 | SS1: d_507 | ST1: d_508 | SU1: d_509 | SV1: d_510 | SW1: d_511 | SX1: d_512 | SY1: d_513 | SZ1: d_514 | TA1: d_515 | TB1: d_516 | TC1: d_517 | TD1: d_518 | TE1: d_519 | TF1: d_520 | TG1: d_521 | TH1: d_522 | TI1: d_523 | TJ1: d_524 | TK1: d_525 | TL1: d_526 | TM1: d_527 | TN1: d_528 | TO1: d_529 | TP1: d_530 | TQ1: d_531 | TR1: d_532 | TS1: d_533 | TT1: d_534 | TU1: d_535 | TV1: d_536 | TW1: d_537 | TX1: d_538 | TY1: d_539 | TZ1: d_540 | UA1: d_541 | UB1: d_542 | UC1: d_543 | UD1: d_544 | UE1: d_545 | UF1: d_546 | UG1: d_547 | UH1: d_548 | UI1: d_549 | UJ1: d_550 | UK1: d_551 | UL1: d_552 | UM1: d_553 | UN1: d_554 | UO1: d_555 | UP1: d_556 | UQ1: d_557 | UR1: d_558 | US1: d_559 | UT1: d_560 | UU1: d_561 | UV1: d_562 | UW1: d_563 | UX1: d_564 | UY1: d_565 | UZ1: d_566 | VA1: d_567 | VB1: d_568 | VC1: d_569 | VD1: d_570 | VE1: d_571 | VF1: d_572 | VG1: d_573 | VH1: d_574 | VI1: d_575 | VJ1: d_576 | VK1: d_577 | VL1: d_578 | VM1: d_579 | VN1: d_580 | VO1: d_581 | VP1: d_582 | VQ1: d_583 | VR1: d_584 | VS1: d_585 | VT1: d_586 | VU1: d_587 | VV1: d_588 | VW1: d_589 | VX1: d_590 | VY1: d_591 | VZ1: d_592 | WA1: d_593 | WB1: d_594 | WC1: d_595 | WD1: d_596 | WE1: d_597 | WF1: d_598 | WG1: d_599 | WH1: d_600 | WI1: d_601 | WJ1: d_602 | WK1: d_603 | WL1: d_604 | WM1: d_605 | WN1: d_606 | WO1: d_607 | WP1: d_608 | WQ1: d_609 | WR1: d_610 | WS1: d_611 | WT1: d_612 | WU1: d_613 | WV1: d_614 | WW1: d_615 | WX1: d_616 | WY1: d_617 | WZ1: d_618 | XA1: d_619 | XB1: d_620 | XC1: d_621 | XD1: d_622 | XE1: d_623 | XF1: d_624 | XG1: d_625 | XH1: d_626 | XI1: d_627 | XJ1: d_628 | XK1: d_629 | XL1: d_630 | XM1: d_631 | XN1: d_632 | XO1: d_633 | XP1: d_634 | XQ1: d_635 | XR1: d_636 | XS1: d_637 | XT1: d_638 | XU1: d_639 | XV1: d_640 | XW1: d_641 | XX1: d_642 | XY1: d_643 | XZ1: d_644 | YA1: d_645 | YB1: d_646 | YC1: d_647 | YD1: d_648 | YE1: d_649 | YF1: d_650 | YG1: d_651 | YH1: d_652 | YI1: d_653 | YJ1: d_654 | YK1: d_655 | YL1: d_656 | YM1: d_657 | YN1: d_658 | YO1: d_659 | YP1: d_660 | YQ1: d_661 | YR1: d_662 | YS1: d_663 | YT1: d_664 | YU1: d_665 | YV1: d_666 | YW1: d_667 | YX1: d_668 | YY1: d_669 | YZ1: d_670 | ZA1: d_671 | ZB1: d_672 | ZC1: d_673 | ZD1: d_674 | ZE1: d_675 | ZF1: d_676 | ZG1: d_677 | ZH1: d_678 | ZI1: d_679 | ZJ1: d_680 | ZK1: d_681 | ZL1: d_682 | ZM1: d_683 | ZN1: d_684 | ZO1: d_685 | ZP1: d_686 | ZQ1: d_687 | ZR1: d_688 | ZS1: d_689 | ZT1: d_690 | ZU1: d_691 | ZV1: d_692 | ZW1: d_693 | ZX1: d_694 | ZY1: d_695 | ZZ1: d_696 | AAA1: d_697 | AAB1: d_698 | AAC1: d_699 | AAD1: d_700 | AAE1: d_701 | AAF1: d_702 | AAG1: d_703 | AAH1: d_704 | AAI1: d_705 | AAJ1: d_706 | AAK1: d_707 | AAL1: d_708 | AAM1: d_709 | AAN1: d_710 | AAO1: d_711 | AAP1: d_712 | AAQ1: d_713 | AAR1: d_714 | AAS1: d_715 | AAT1: d_716 | AAU1: d_717 | AAV1: d_718 | AAW1: d_719 | AAX1: d_720 | AAY1: d_721 | AAZ1: d_722 | ABA1: d_723 | ABB1: d_724 | ABC1: d_725 | ABD1: d_726 | ABE1: d_727 | ABF1: d_728 | ABG1: d_729 | ABH1: d_730 | ABI1: d_731 | ABJ1: d_732 | ABK1: d_733 | ABL1: d_734 | ABM1: d_735 | ABN1: d_736 | ABO1: d_737 | ABP1: d_738 | ABQ1: d_739 | ABR1: d_740 | ABS1: d_741 | ABT1: d_742 | ABU1: d_743 | ABV1: d_744 | ABW1: d_745 | ABX1: d_746 | ABY1: d_747 | ABZ1: d_748 | ACA1: d_749 | ACB1: d_750 | ACC1: d_751 | ACD1: d_752 | ACE1: d_753 | ACF1: d_754 | ACG1: d_755 | ACH1: d_756 | ACI1: d_757 | ACJ1: d_758 | ACK1: d_759 | ACL1: d_760 | ACM1: d_761 | ACN1: d_762 | ACO1: d_763 | ACP1: d_764 | ACQ1: d_765 | ACR1: d_766 | ACS1: d_767 | ACT1: d_768 | ACU1: d_769 | ACV1: d_770 | ACW1: d_771 | ACX1: d_772 | ACY1: d_773 | ACZ1: d_774 | ADA1: d_775 | ADB1: d_776 | ADC1: d_777 | ADD1: d_778 | ADE1: d_779 | ADF1: d_780 | ADG1: d_781 | ADH1: d_782 | ADI1: d_783 | ADJ1: d_784 | ADK1: d_785 | ADL1: d_786 | ADM1: d_787 | ADN1: d_788 | ADO1: d_789 | ADP1: d_790 | ADQ1: d_791 | ADR1: d_792 | ADS1: d_793 | ADT1: d_794 | ADU1: d_795 | ADV1: d_796 | ADW1: d_797 | ADX1: d_798 | ADY1: d_799 | ADZ1: d_800 | AEA1: d_801 | AEB1: d_802 | AEC1: d_803 | AED1: d_804 | AEE1: d_805 | AEF1: d_806 | AEG1: d_807 | AEH1: d_808 | AEI1: d_809 | AEJ1: d_810 | AEK1: d_811 | AEL1: d_812 | AEM1: d_813 | AEN1: d_814 | AEO1: d_815 | AEP1: d_816 | AEQ1: d_817 | AER1: d_818 | AES1: d_819 | AET1: d_820 | AEU1: d_821 | AEV1: d_822 | AEW1: d_823 | AEX1: d_824 | AEY1: d_825 | AEZ1: d_826 | AFA1: d_827 | AFB1: d_828 | AFC1: d_829 | AFD1: d_830 | AFE1: d_831 | AFF1: d_832 | AFG1: d_833 | AFH1: d_834 | AFI1: d_835 | AFJ1: d_836 | AFK1: d_837 | AFL1: d_838 | AFM1: d_839 | AFN1: d_840 | AFO1: d_841 | AFP1: d_842 | AFQ1: d_843 | AFR1: d_844 | AFS1: d_845 | AFT1: d_846 | AFU1: d_847 | AFV1: d_848 | AFW1: d_849 | AFX1: d_850 | AFY1: d_851 | AFZ1: d_852 | AGA1: d_853 | AGB1: d_854 | AGC1: d_855 | AGD1: d_856 | AGE1: d_857 | AGF1: d_858 | AGG1: d_859 | AGH1: d_860 | AGI1: d_861 | AGJ1: d_862 | AGK1: d_863 | AGL1: d_864 | AGM1: d_865 | AGN1: d_866 | AGO1: d_867 | AGP1: d_868 | AGQ1: d_869 | AGR1: d_870 | AGS1: d_871 | AGT1: d_872 | AGU1: d_873 | AGV1: d_874 | AGW1: d_875 | AGX1: d_876 | AGY1: d_877 | AGZ1: d_878 | AHA1: d_879 | AHB1: d_880 | AHC1: d_881 | AHD1: d_882 | AHE1: d_883 | AHF1: d_884 | AHG1: d_885 | AHH1: d_886 | AHI1: d_887 | AHJ1: d_888 | AHK1: d_889 | AHL1: d_890 | AHM1: d_891 | AHN1: d_892 | AHO1: d_893 | AHP1: d_894 | AHQ1: d_895 | AHR1: d_896 | AHS1: d_897 | AHT1: d_898 | AHU1: d_899 | AHV1: d_900 | AHW1: d_901 | AHX1: d_902 | AHY1: d_903 | AHZ1: d_904 | AIA1: d_905 | AIB1: d_906 | AIC1: d_907 | AID1: d_908 | AIE1: d_909 | AIF1: d_910 | AIG1: d_911 | AIH1: d_912 | AII1: d_913 | AIJ1: d_914 | AIK1: d_915 | AIL1: d_916 | AIM1: d_917 | AIN1: d_918 | AIO1: d_919 | AIP1: d_920 | AIQ1: d_921 | AIR1: d_922 | AIS1: d_923 | AIT1: d_924 | AIU1: d_925 | AIV1: d_926 | AIW1: d_927 | AIX1: d_928 | AIY1: d_929 | AIZ1: d_930 | AJA1: d_931 | AJB1: d_932 | AJC1: d_933 | AJD1: d_934 | AJE1: d_935 | AJF1: d_936 | AJG1: d_937 | AJH1: d_938 | AJI1: d_939 | AJJ1: d_940 | AJK1: d_941 | AJL1: d_942 | AJM1: d_943 | AJN1: d_944 | AJO1: d_945 | AJP1: d_946 | AJQ1: d_947 | AJR1: d_948 | AJS1: d_949 | AJT1: d_950 | AJU1: d_951 | AJV1: d_952 | AJW1: d_953 | AJX1: d_954 | AJY1: d_955 | AJZ1: d_956 | AKA1: d_957 | AKB1: d_958 | AKC1: d_959 | AKD1: d_960 | AKE1: d_961 | AKF1: d_962 | AKG1: d_963 | AKH1: d_964 | AKI1: d_965 | AKJ1: d_966 | AKK1: d_967 | AKL1: d_968 | AKM1: d_969 | AKN1: d_970 | AKO1: d_971 | AKP1: d_972 | AKQ1: d_973 | AKR1: d_974 | AKS1: d_975 | AKT1: d_976 | AKU1: d_977 | AKV1: d_978 | AKW1: d_979 | AKX1: d_980 | AKY1: d_981 | AKZ1: d_982 | ALA1: d_983 | ALB1: d_984 | ALC1: d_985 | ALD1: d_986 | ALE1: d_987 | ALF1: d_988 | ALG1: d_989 | ALH1: d_990 | ALI1: d_991 | ALJ1: d_992 | ALK1: d_993 | ALL1: d_994 | ALM1: d_995 | ALN1: d_996 | ALO1: d_997 | ALP1: d_998 | ALQ1: d_999 | ALR1: d_1000 | ALS1: d_1001 | ALT1: d_1002 | ALU1: d_1003 | ALV1: d_1004 | ALW1: d_1005 | ALX1: d_1006 | ALY1: d_1007 | ALZ1: d_1008 | AMA1: d_1009 | AMB1: d_1010 | AMC1: d_1011 | AMD1: d_1012 | AME1: d_1013 | AMF1: d_1014 | AMG1: d_1015 | AMH1: d_1016 | AMI1: d_1017 | AMJ1: d_1018 | AMK1: d_1019 | AML1: d_1020 | AMM1: d_1021 | AMN1: d_1022 | AMO1: d_1023 | AMP1: d_1024 | AMQ1: d_1025 | AMR1: d_1026 | AMS1: d_1027 | AMT1: d_1028 | AMU1: d_1029 | AMV1: d_1030 | AMW1: d_1031 | AMX1: d_1032 | AMY1: d_1033 | AMZ1: d_1034 | ANA1: d_1035 | ANB1: d_1036 | ANC1: d_1037 | AND1: d_1038 | ANE1: d_1039 | ANF1: d_1040 | ANG1: d_1041 | ANH1: d_1042 | ANI1: d_1043 | ANJ1: d_1044 | ANK1: d_1045 | ANL1: d_1046 | ANM1: d_1047 | ANN1: d_1048 | ANO1: d_1049 | ANP1: d_1050 | ANQ1: d_1051 | ANR1: d_1052 | ANS1: d_1053 | ANT1: d_1054 | ANU1: d_1055 | ANV1: d_1056 | ANW1: d_1057 | ANX1: d_1058 | ANY1: d_1059 | ANZ1: d_1060 | AOA1: d_1061 | AOB1: d_1062 | AOC1: d_1063 | AOD1: d_1064 | AOE1: d_1065 | AOF1: d_1066 | AOG1: d_1067 | AOH1: d_1068 | AOI1: d_1069 | AOJ1: d_1070 | AOK1: d_1071 | AOL1: d_1072 | AOM1: d_1073 | AON1: d_1074 | AOO1: d_1075 | AOP1: d_1076 | AOQ1: d_1077 | AOR1: d_1078 | AOS1: d_1079 | AOT1: d_1080 | AOU1: d_1081 | AOV1: d_1082 | AOW1: d_1083 | AOX1: d_1084 | AOY1: d_1085 | AOZ1: d_1086 | APA1: d_1087 | APB1: d_1088 | APC1: d_1089 | APD1: d_1090 | APE1: d_1091 | APF1: d_1092 | APG1: d_1093 | APH1: d_1094 | API1: d_1095 | APJ1: d_1096 | APK1: d_1097 | APL1: d_1098 | APM1: d_1099 | APN1: d_1100 | APO1: d_1101 | APP1: d_1102 | APQ1: d_1103 | APR1: d_1104 | APS1: d_1105 | APT1: d_1106 | APU1: d_1107 | APV1: d_1108 | APW1: d_1109 | APX1: d_1110 | APY1: d_1111 | APZ1: d_1112 | AQA1: d_1113 | AQB1: d_1114 | AQC1: d_1115 | AQD1: d_1116 | AQE1: d_1117 | AQF1: d_1118 | AQG1: d_1119 | AQH1: d_1120 | AQI1: d_1121 | AQJ1: d_1122 | AQK1: d_1123 | AQL1: d_1124 | AQM1: d_1125 | AQN1: d_1126 | AQO1: d_1127 | AQP1: d_1128 | AQQ1: d_1129 | AQR1: d_1130 | AQS1: d_1131 | AQT1: d_1132 | AQU1: d_1133 | AQV1: d_1134 | AQW1: d_1135 | AQX1: d_1136 | AQY1: d_1137 | AQZ1: d_1138 | ARA1: d_1139 | ARB1: d_1140 | ARC1: d_1141 | ARD1: d_1142 | ARE1: d_1143 | ARF1: d_1144 | ARG1: d_1145 | ARH1: d_1146 | ARI1: d_1147 | ARJ1: d_1148 | ARK1: d_1149 | ARL1: d_1150 | ARM1: d_1151 | ARN1: d_1152 | ARO1: d_1153 | ARP1: d_1154 | ARQ1: d_1155 | ARR1: d_1156 | ARS1: d_1157 | ART1: d_1158 | ARU1: d_1159 | ARV1: d_1160 | ARW1: d_1161 | ARX1: d_1162 | ARY1: d_1163 | ARZ1: d_1164 | ASA1: d_1165 | ASB1: d_1166 | ASC1: d_1167 | ASD1: d_1168 | ASE1: d_1169 | ASF1: d_1170 | ASG1: d_1171 | ASH1: d_1172 | ASI1: d_1173 | ASJ1: d_1174 | ASK1: d_1175 | ASL1: d_1176 | ASM1: d_1177 | ASN1: d_1178 | ASO1: d_1179 | ASP1: d_1180 | ASQ1: d_1181 | ASR1: d_1182 | ASS1: d_1183 | AST1: d_1184 | ASU1: d_1185 | ASV1: d_1186 | ASW1: d_1187 | ASX1: d_1188 | ASY1: d_1189 | ASZ1: d_1190 | ATA1: d_1191 | ATB1: d_1192 | ATC1: d_1193 | ATD1: d_1194 | ATE1: d_1195 | ATF1: d_1196 | ATG1: d_1197 | ATH1: d_1198 | ATI1: d_1199 | ATJ1: d_1200 | ATK1: d_1201 | ATL1: d_1202 | ATM1: d_1203 | ATN1: d_1204 | ATO1: d_1205 | ATP1: d_1206 | ATQ1: d_1207 | ATR1: d_1208 | ATS1: d_1209 | ATT1: d_1210 | ATU1: d_1211 | ATV1: d_1212 | ATW1: d_1213 | ATX1: d_1214 | ATY1: d_1215 | ATZ1: d_1216 | AUA1: d_1217 | AUB1: d_1218 | AUC1: d_1219 | AUD1: d_1220 | AUE1: d_1221 | AUF1: d_1222 | AUG1: d_1223 | AUH1: d_1224 | AUI1: d_1225 | AUJ1: d_1226 | AUK1: d_1227 | AUL1: d_1228 | AUM1: d_1229 | AUN1: d_1230 | AUO1: d_1231 | AUP1: d_1232 | AUQ1: d_1233 | AUR1: d_1234 | AUS1: d_1235 | AUT1: d_1236 | AUU1: d_1237 | AUV1: d_1238 | AUW1: d_1239 | AUX1: d_1240 | AUY1: d_1241 | AUZ1: d_1242 | AVA1: d_1243 | AVB1: d_1244 | AVC1: d_1245 | AVD1: d_1246 | AVE1: d_1247 | AVF1: d_1248 | AVG1: d_1249 | AVH1: d_1250 | AVI1: d_1251 | AVJ1: d_1252 | AVK1: d_1253 | AVL1: d_1254 | AVM1: d_1255 | AVN1: d_1256 | AVO1: d_1257 | AVP1: d_1258 | AVQ1: d_1259 | AVR1: d_1260 | AVS1: d_1261 | AVT1: d_1262 | AVU1: d_1263 | AVV1: d_1264 | AVW1: d_1265 | AVX1: d_1266 | AVY1: d_1267 | AVZ1: d_1268 | AWA1: d_1269 | AWB1: d_1270 | AWC1: d_1271 | AWD1: d_1272 | AWE1: d_1273 | AWF1: d_1274 | AWG1: d_1275 | AWH1: d_1276 | AWI1: d_1277 | AWJ1: d_1278 | AWK1: d_1279 | AWL1: d_1280 | AWM1: d_1281 | AWN1: d_1282 | AWO1: d_1283 | AWP1: d_1284 | AWQ1: d_1285 | AWR1: d_1286 | AWS1: d_1287 | AWT1: d_1288 | AWU1: d_1289 | AWV1: d_1290 | AWW1: d_1291 | AWX1: d_1292 | AWY1: d_1293 | AWZ1: d_1294 | AXA1: d_1295 | AXB1: d_1296 | AXC1: d_1297 | AXD1: d_1298 | AXE1: d_1299 | AXF1: d_1300 | AXG1: d_1301 | AXH1: d_1302 | AXI1: d_1303 | AXJ1: d_1304 | AXK1: d_1305 | AXL1: d_1306 | AXM1: d_1307 | AXN1: d_1308 | AXO1: d_1309 | AXP1: d_1310 | AXQ1: d_1311 | AXR1: d_1312 | AXS1: d_1313 | AXT1: d_1314 | AXU1: d_1315 | AXV1: d_1316 | AXW1: d_1317 | AXX1: d_1318 | AXY1: d_1319 | AXZ1: d_1320 | AYA1: d_1321 | AYB1: d_1322 | AYC1: d_1323 | AYD1: d_1324 | AYE1: d_1325 | AYF1: d_1326 | AYG1: d_1327 | AYH1: d_1328 | AYI1: d_1329 | AYJ1: d_1330 | AYK1: d_1331 | AYL1: d_1332 | AYM1: d_1333 | AYN1: d_1334 | AYO1: d_1335 | AYP1: d_1336 | AYQ1: d_1337 | AYR1: d_1338 | AYS1: d_1339 | AYT1: d_1340 | AYU1: d_1341 | AYV1: d_1342 | AYW1: d_1343 | AYX1: d_1344 | AYY1: d_1345 | AYZ1: d_1346 | AZA1: d_1347 | AZB1: d_1348 | AZC1: d_1349 | AZD1: d_1350 | AZE1: d_1351 | AZF1: d_1352 | AZG1: d_1353 | AZH1: d_1354 | AZI1: d_1355 | AZJ1: d_1356 | AZK1: d_1357 | AZL1: d_1358 | AZM1: d_1359 | AZN1: d_1360 | AZO1: d_1361 | AZP1: d_1362 | AZQ1: d_1363 | AZR1: d_1364 | AZS1: d_1365 | AZT1: d_1366 | AZU1: d_1367 | AZV1: d_1368 | AZW1: d_1369 | AZX1: d_1370 | AZY1: d_1371 | AZZ1: d_1372 | BAA1: d_1373 | BAB1: d_1374 | BAC1: d_1375 | BAD1: d_1376 | BAE1: d_1377 | BAF1: d_1378 | BAG1: d_1379 | BAH1: d_1380 | BAI1: d_1381 | BAJ1: d_1382 | BAK1: d_1383 | BAL1: d_1384 | BAM1: d_1385 | BAN1: d_1386 | BAO1: d_1387 | BAP1: d_1388 | BAQ1: d_1389 | BAR1: d_1390 | BAS1: d_1391 | BAT1: d_1392 | BAU1: d_1393 | BAV1: d_1394 | BAW1: d_1395 | BAX1: d_1396 | BAY1: d_1397 | BAZ1: d_1398 | BBA1: d_1399 | BBB1: d_1400 | BBC1: d_1401 | BBD1: d_1402 | BBE1: d_1403 | BBF1: d_1404 | BBG1: d_1405 | BBH1: d_1406 | BBI1: d_1407 | BBJ1: d_1408 | BBK1: d_1409 | BBL1: d_1410 | BBM1: d_1411 | BBN1: d_1412 | BBO1: d_1413 | BBP1: d_1414 | BBQ1: d_1415 | BBR1: d_1416 | BBS1: d_1417 | BBT1: d_1418 | BBU1: d_1419 | BBV1: d_1420 | BBW1: d_1421 | BBX1: d_1422 | BBY1: d_1423 | BBZ1: d_1424 | BCA1: d_1425 | BCB1: d_1426 | BCC1: d_1427 | BCD1: d_1428 | BCE1: d_1429 | BCF1: d_1430 | BCG1: d_1431 | BCH1: d_1432 | BCI1: d_1433 | BCJ1: d_1434 | BCK1: d_1435 | BCL1: d_1436 | BCM1: d_1437 | BCN1: d_1438 | BCO1: d_1439 | BCP1: d_1440 | BCQ1: d_1441 | BCR1: d_1442 | BCS1: d_1443 | BCT1: d_1444 | BCU1: d_1445 | BCV1: d_1446 | BCW1: d_1447 | BCX1: d_1448 | BCY1: d_1449 | BCZ1: d_1450 | BDA1: d_1451 | BDB1: d_1452 | BDC1: d_1453 | BDD1: d_1454 | BDE1: d_1455 | BDF1: d_1456 | BDG1: d_1457 | BDH1: d_1458 | BDI1: d_1459 | BDJ1: d_1460 | BDK1: d_1461 | BDL1: d_1462 | BDM1: d_1463 | BDN1: d_1464 | BDO1: d_1465 | BDP1: d_1466 | BDQ1: d_1467 | BDR1: d_1468 | BDS1: d_1469 | BDT1: d_1470 | BDU1: d_1471 | BDV1: d_1472 | BDW1: d_1473 | BDX1: d_1474 | BDY1: d_1475 | BDZ1: d_1476 | BEA1: d_1477 | BEB1: d_1478 | BEC1: d_1479 | BED1: d_1480 | BEE1: d_1481 | BEF1: d_1482 | BEG1: d_1483 | BEH1: d_1484 | BEI1: d_1485 | BEJ1: d_1486 | BEK1: d_1487 | BEL1: d_1488 | BEM1: d_1489 | BEN1: d_1490 | BEO1: d_1491 | BEP1: d_1492 | BEQ1: d_1493 | BER1: d_1494 | BES1: d_1495 | BET1: d_1496 | BEU1: d_1497 | BEV1: d_1498 | BEW1: d_1499 | BEX1: d_1500 | BEY1: d_1501 | BEZ1: d_1502 | BFA1: d_1503 | BFB1: d_1504 | BFC1: d_1505 | BFD1: d_1506 | BFE1: d_1507 | BFF1: d_1508 | BFG1: d_1509 | BFH1: d_1510 | BFI1: d_1511 | BFJ1: d_1512 | BFK1: d_1513 | BFL1: d_1514 | BFM1: d_1515 | BFN1: d_1516 | BFO1: d_1517 | BFP1: d_1518 | BFQ1: d_1519 | BFR1: d_1520 | BFS1: d_1521 | BFT1: d_1522 | BFU1: d_1523 | BFV1: d_1524 | BFW1: d_1525 | BFX1: d_1526 | BFY1: d_1527 | BFZ1: d_1528 | BGA1: d_1529 | BGB1: d_1530 | BGC1: d_1531 | BGD1: d_1532 | BGE1: d_1533 | BGF1: d_1534 | BGG1: d_1535 | BGH1: d_1536 | BGI1: d_1537 | BGJ1: d_1538 | BGK1: d_1539 | BGL1: d_1540 | BGM1: d_1541 | BGN1: d_1542 | BGO1: d_1543 | BGP1: d_1544 | BGQ1: d_1545 | BGR1: d_1546 | BGS1: d_1547 | BGT1: d_1548 | BGU1: d_1549 | BGV1: d_1550 | BGW1: d_1551 | BGX1: d_1552 | BGY1: d_1553 | BGZ1: d_1554 | BHA1: d_1555 | BHB1: d_1556 | BHC1: d_1557 | BHD1: d_1558 | BHE1: d_1559 | BHF1: d_1560 | BHG1: d_1561 | BHH1: d_1562 | BHI1: d_1563 | BHJ1: d_1564 | BHK1: d_1565 | BHL1: d_1566 | BHM1: d_1567 | BHN1: d_1568 | BHO1: d_1569 | BHP1: d_1570 | BHQ1: d_1571 | BHR1: d_1572 | BHS1: d_1573 | BHT1: d_1574 | BHU1: d_1575 | BHV1: d_1576 | BHW1: d_1577 | BHX1: d_1578 | BHY1: d_1579 | BHZ1: d_1580 | BIA1: d_1581 | BIB1: d_1582 | BIC1: d_1583 | BID1: d_1584 | BIE1: d_1585 | BIF1: d_1586 | BIG1: d_1587 | BIH1: d_1588 | BII1: d_1589 | BIJ1: d_1590 | BIK1: d_1591 | BIL1: d_1592 | BIM1: d_1593 | BIN1: d_1594 | BIO1: d_1595 | BIP1: d_1596 | BIQ1: d_1597 | BIR1: d_1598 | BIS1: d_1599 | BIT1: d_1600 | BIU1: d_1601 | BIV1: d_1602 | BIW1: d_1603 | BIX1: d_1604 | BIY1: d_1605 | BIZ1: d_1606 | BJA1: d_1607 | BJB1: d_1608 | BJC1: d_1609 | BJD1: d_1610 | BJE1: d_1611 | BJF1: d_1612 | BJG1: d_1613 | BJH1: d_1614 | BJI1: d_1615 | BJJ1: d_1616 | BJK1: d_1617 | BJL1: d_1618 | BJM1: d_1619 | BJN1: d_1620 | BJO1: d_1621 | BJP1: d_1622 | BJQ1: d_1623 | BJR1: d_1624 | BJS1: d_1625 | BJT1: d_1626 | BJU1: d_1627 | BJV1: d_1628 | BJW1: d_1629 | BJX1: d_1630 | BJY1: d_1631 | BJZ1: d_1632 | BKA1: d_1633 | BKB1: d_1634 | BKC1: d_1635 | BKD1: d_1636 | BKE1: d_1637 | BKF1: d_1638 | BKG1: d_1639 | BKH1: d_1640 | BKI1: d_1641 | BKJ1: d_1642 | BKK1: d_1643 | BKL1: d_1644 | BKM1: d_1645 | BKN1: d_1646 | BKO1: d_1647 | BKP1: d_1648 | BKQ1: d_1649 | BKR1: d_1650 | BKS1: d_1651 | BKT1: d_1652 | BKU1: d_1653 | BKV1: d_1654 | BKW1: d_1655 | BKX1: d_1656 | BKY1: d_1657 | BKZ1: d_1658 | BLA1: d_1659 | BLB1: d_1660 | BLC1: d_1661 | BLD1: d_1662 | BLE1: d_1663 | BLF1: d_1664 | BLG1: d_1665 | BLH1: d_1666 | BLI1: d_1667 | BLJ1: d_1668 | BLK1: d_1669 | BLL1: d_1670 | BLM1: d_1671 | BLN1: d_1672 | BLO1: d_1673 | BLP1: d_1674 | BLQ1: d_1675 | BLR1: d_1676 | BLS1: d_1677 | BLT1: d_1678 | BLU1: d_1679 | BLV1: d_1680 | BLW1: d_1681 | BLX1: d_1682 | BLY1: d_1683 | BLZ1: d_1684 | BMA1: d_1685 | BMB1: d_1686 | BMC1: d_1687 | BMD1: d_1688 | BME1: d_1689 | BMF1: d_1690 | BMG1: d_1691 | BMH1: d_1692 | BMI1: d_1693 | BMJ1: d_1694 | BMK1: d_1695 | BML1: d_1696 | BMM1: d_1697 | BMN1: d_1698 | BMO1: d_1699 | BMP1: d_1700 | BMQ1: d_1701 | BMR1: d_1702 | BMS1: d_1703 | BMT1: d_1704 | BMU1: d_1705 | BMV1: d_1706 | BMW1: d_1707 | BMX1: d_1708 | BMY1: d_1709 | BMZ1: d_1710 | BNA1: d_1711 | BNB1: d_1712 | BNC1: d_1713 | BND1: d_1714 | BNE1: d_1715 | BNF1: d_1716 | BNG1: d_1717 | BNH1: d_1718 | BNI1: d_1719 | BNJ1: d_1720 | BNK1: d_1721 | BNL1: d_1722 | BNM1: d_1723 | BNN1: d_1724 | BNO1: d_1725 | BNP1: d_1726 | BNQ1: d_1727 | BNR1: d_1728 | BNS1: d_1729 | BNT1: d_1730 | BNU1: d_1731 | BNV1: d_1732 | BNW1: d_1733 | BNX1: d_1734 | BNY1: d_1735 | BNZ1: d_1736 | BOA1: d_1737 | BOB1: d_1738 | BOC1: d_1739 | BOD1: d_1740 | BOE1: d_1741 | BOF1: d_1742 | BOG1: d_1743 | BOH1: d_1744 | BOI1: d_1745 | BOJ1: d_1746 | BOK1: d_1747 | BOL1: d_1748 | BOM1: d_1749 | BON1: d_1750 | BOO1: d_1751 | BOP1: d_1752 | BOQ1: d_1753 | BOR1: d_1754 | BOS1: d_1755 | BOT1: d_1756 | BOU1: d_1757 | BOV1: d_1758 | BOW1: d_1759 | BOX1: d_1760 | BOY1: d_1761 | BOZ1: d_1762 | BPA1: d_1763 | BPB1: d_1764 | BPC1: d_1765 | BPD1: d_1766 | BPE1: d_1767 | BPF1: d_1768 | BPG1: d_1769 | BPH1: d_1770 | BPI1: d_1771 | BPJ1: d_1772 | BPK1: d_1773 | BPL1: d_1774 | BPM1: d_1775 | BPN1: d_1776 | BPO1: d_1777 | BPP1: d_1778 | BPQ1: d_1779 | BPR1: d_1780 | BPS1: d_1781 | BPT1: d_1782 | BPU1: d_1783 | BPV1: d_1784 | BPW1: d_1785 | BPX1: d_1786 | BPY1: d_1787 | BPZ1: d_1788 | BQA1: d_1789 | BQB1: d_1790 | BQC1: d_1791 | BQD1: d_1792 | BQE1: d_1793 | BQF1: d_1794 | BQG1: d_1795 | BQH1: d_1796 | BQI1: d_1797 | BQJ1: d_1798 | BQK1: d_1799 | BQL1: d_1800 | BQM1: d_1801 | BQN1: d_1802 | BQO1: d_1803 | BQP1: d_1804 | BQQ1: d_1805 | BQR1: d_1806 | BQS1: d_1807 | BQT1: d_1808 | BQU1: d_1809 | BQV1: d_1810 | BQW1: d_1811 | BQX1: d_1812 | BQY1: d_1813 | BQZ1: d_1814 | BRA1: d_1815 | BRB1: d_1816 | BRC1: d_1817 | BRD1: d_1818 | BRE1: d_1819 | BRF1: d_1820 | BRG1: d_1821 | BRH1: d_1822 | BRI1: d_1823 | BRJ1: d_1824 | BRK1: d_1825 | BRL1: d_1826 | BRM1: d_1827 | BRN1: d_1828 | BRO1: d_1829 | BRP1: d_1830 | BRQ1: d_1831 | BRR1: d_1832 | BRS1: d_1833 | BRT1: d_1834 | BRU1: d_1835 | BRV1: d_1836 | BRW1: d_1837 | BRX1: d_1838 | BRY1: d_1839 | BRZ1: d_1840 | BSA1: d_1841 | BSB1: d_1842 | BSC1: d_1843 | BSD1: d_1844 | BSE1: d_1845 | BSF1: d_1846 | BSG1: d_1847 | BSH1: d_1848 | BSI1: d_1849 | BSJ1: d_1850 | BSK1: d_1851 | BSL1: d_1852 | BSM1: d_1853 | BSN1: d_1854 | BSO1: d_1855 | BSP1: d_1856 | BSQ1: d_1857 | BSR1: d_1858 | BSS1: d_1859 | BST1: d_1860 | BSU1: d_1861 | BSV1: d_1862 | BSW1: d_1863 | BSX1: d_1864 | BSY1: d_1865 | BSZ1: d_1866 | BTA1: d_1867 | BTB1: d_1868 | BTC1: d_1869 | BTD1: d_1870 | BTE1: d_1871 | BTF1: d_1872 | BTG1: d_1873 | BTH1: d_1874 | BTI1: d_1875 | BTJ1: d_1876 | BTK1: d_1877 | BTL1: d_1878 | BTM1: d_1879 | BTN1: d_1880 | BTO1: d_1881 | BTP1: d_1882 | BTQ1: d_1883 | BTR1: d_1884 | BTS1: d_1885 | BTT1: d_1886 | BTU1: d_1887 | BTV1: d_1888 | BTW1: d_1889 | BTX1: d_1890 | BTY1: d_1891 | BTZ1: d_1892 | BUA1: d_1893 | BUB1: d_1894 | BUC1: d_1895 | BUD1: d_1896 | BUE1: d_1897 | BUF1: d_1898 | BUG1: d_1899 | BUH1: d_1900 | BUI1: d_1901 | BUJ1: d_1902 | BUK1: d_1903 | BUL1: d_1904 | BUM1: d_1905 | BUN1: d_1906 | BUO1: d_1907 | BUP1: d_1908 | BUQ1: d_1909 | BUR1: d_1910 | BUS1: d_1911 | BUT1: d_1912 | BUU1: d_1913
A2: FOODS_1_001_CA_1_validation | B2: FOODS_1_001 | C2: FOODS_1 | D2: FOODS | E2: CA_1 | F2: CA | G2: 3 | H2: 0 | I2: 0 | J2: 1 | K2: 4 | L2: 2 | M2: 0 | N2: 2 | O2: 0 | P2: 0 | Q2: 0 | R2: 0 | S2: 3 | T2: 1 | U2: 3 | V2: 0 | W2: 2 | X2: 1 | Y2: 2 | Z2: 0 | AA2: 2 | AB2: 1 | AC2: 2 | AD2: 0 | AE2: 2 | AF2: 2 | AG2: 2 | AH2: 4 | AI2: 2 | AJ2: 2 | AK2: 0 | AL2: 2 | AM2: 1 | AN2: 7 | AO2: 1 | AP2: 2 | AQ2: 3 | AR2: 0 | AS2: 1 | AT2: 2 | AU2: 3 | AV2: 0 | AW2: 1 | AX2: 5 | AY2: 0 | AZ2: 0 | BA2: 1 | BB2: 0 | BC2: 0 | BD2: 1 | BE2: 1 | BF2: 1 | BG2: 1 | BH2: 1 | BI2: 0 | BJ2: 1 | BK2: 2 | BL2: 2 | BM2: 0 | BN2: 1 | BO2: 0 | BP2: 0 | BQ2: 0 | BR2: 0 | BS2: 0 | BT2: 4 | BU2: 0 | BV2: 1 | BW2: 0 | BX2: 1 | BY2: 0 | BZ2: 2 | CA2: 2 | CB2: 1 | CC2: 1 | CD2: 0 | CE2: 2 | CF2: 1 | CG2: 2 | CH2: 0 | CI2: 2 | CJ2: 0 | CK2: 0 | CL2: 0 | CM2: 1 | CN2: 0 | CO2: 0 | CP2: 0 | CQ2: 0 | CR2: 0 | CS2: 0 | CT2: 3 | CU2: 2 | CV2: 7 | CW2: 1 | CX2: 0 | CY2: 0 | CZ2: 9 | DA2: 0 | DB2: 0 | DC2: 0 | DD2: 1 | DE2: 2 | DF2: 0 | DG2: 1 | DH2: 3 | DI2: 1 | DJ2: 3 | DK2: 0 | DL2: 0 | DM2: 1 | DN2: 1 | DO2: 1 | DP2: 3 | DQ2: 0 | DR2: 1 | DS2: 2 | DT2: 0 | DU2: 6 | DV2: 3 | DW2: 1 | DX2: 0 | DY2: 1 | DZ2: 0 | EA2: 2 | EB2: 0 | EC2: 0 | ED2: 0 | EE2: 0 | EF2: 0 | EG2: 1 | EH2: 4 | EI2: 0 | EJ2: 0 | EK2: 3 | EL2: 0 | EM2: 1 | EN2: 1 | EO2: 0 | EP2: 2 | EQ2: 3 | ER2: 2 | ES2: 3 | ET2: 1 | EU2: 1 | EV2: 0 | EW2: 2 | EX2: 1 | EY2: 0 | EZ2: 1 | FA2: 0 | FB2: 0 | FC2: 0 | FD2: 0 | FE2: 3 | FF2: 0 | FG2: 1 | FH2: 0 | FI2: 1 | FJ2: 0 | FK2: 1 | FL2: 2 | FM2: 0 | FN2: 0 | FO2: 4 | FP2: 0 | FQ2: 1 | FR2: 1 | FS2: 1 | FT2: 1 | FU2: 1 | FV2: 1 | FW2: 1 | FX2: 2 | FY2: 0 | FZ2: 2 | GA2: 0 | GB2: 0 | GC2: 0 | GD2: 1 | GE2: 0 | GF2: 2 | GG2: 0 | GH2: 1 | GI2: 0 | GJ2: 0 | GK2: 1 | GL2: 1 | GM2: 0 | GN2: 0 | GO2: 0 | GP2: 0 | GQ2: 0 | GR2: 0 | GS2: 0 | GT2: 0 | GU2: 0 | GV2: 0 | GW2: 0 | GX2: 0 | GY2: 0 | GZ2: 0 | HA2: 0 | HB2: 0 | HC2: 0 | HD2: 0 | HE2: 0 | HF2: 0 | HG2: 0 | HH2: 0 | HI2: 0 | HJ2: 0 | HK2: 0 | HL2: 0 | HM2: 0 | HN2: 0 | HO2: 0 | HP2: 0 | HQ2: 0 | HR2: 0 | HS2: 0 | HT2: 0 | HU2: 0 | HV2: 0 | HW2: 0 | HX2: 0 | HY2: 0 | HZ2: 0 | IA2: 0 | IB2: 0 | IC2: 0 | ID2: 0 | IE2: 0 | IF2: 0 | IG2: 0 | IH2: 0 | II2: 0 | IJ2: 0 | IK2: 0 | IL2: 0 | IM2: 0 | IN2: 0 | IO2: 0 | IP2: 0 | IQ2: 0 | IR2: 0 | IS2: 0 | IT2: 0 | IU2: 0 | IV2: 0 | IW2: 0 | IX2: 0 | IY2: 0 | IZ2: 0 | JA2: 0 | JB2: 0 | JC2: 0 | JD2: 0 | JE2: 0 | JF2: 0 | JG2: 0 | JH2: 0 | JI2: 0 | JJ2: 0 | JK2: 0 | JL2: 0 | JM2: 0 | JN2: 0 | JO2: 0 | JP2: 0 | JQ2: 0 | JR2: 0 | JS2: 0 | JT2: 0 | JU2: 0 | JV2: 0 | JW2: 0 | JX2: 3 | JY2: 1 | JZ2: 4 | KA2: 2 | KB2: 1 | KC2: 0 | KD2: 2 | KE2: 1 | KF2: 0 | KG2: 1 | KH2: 0 | KI2: 6 | KJ2: 1 | KK2: 0 | KL2: 0 | KM2: 0 | KN2: 1 | KO2: 3 | KP2: 4 | KQ2: 0 | KR2: 0 | KS2: 1 | KT2: 0 | KU2: 2 | KV2: 0 | KW2: 0 | KX2: 1 | KY2: 0 | KZ2: 8 | LA2: 3 | LB2: 1 | LC2: 1 | LD2: 5 | LE2: 3 | LF2: 2 | LG2: 0 | LH2: 1 | LI2: 0 | LJ2: 0 | LK2: 2 | LL2: 0 | LM2: 1 | LN2: 0 | LO2: 1 | LP2: 2 | LQ2: 2 | LR2: 6 | LS2: 2 | LT2: 3 | LU2: 5 | LV2: 3 | LW2: 5 | LX2: 1 | LY2: 0 | LZ2: 1 | MA2: 1 | MB2: 1 | MC2: 0 | MD2: 0 | ME2: 2 | MF2: 2 | MG2: 0 | MH2: 0 | MI2: 1 | MJ2: 1 | MK2: 0 | ML2: 1 | MM2: 0 | MN2: 0 | MO2: 0 | MP2: 2 | MQ2: 0 | MR2: 1 | MS2: 0 | MT2: 1 | MU2: 1 | MV2: 1 | MW2: 0 | MX2: 0 | MY2: 4 | MZ2: 1 | NA2: 1 | NB2: 0 | NC2: 0 | ND2: 0 | NE2: 0 | NF2: 0 | NG2: 2 | NH2: 4 | NI2: 0 | NJ2: 1 | NK2: 0 | NL2: 0 | NM2: 0 | NN2: 0 | NO2: 2 | NP2: 0 | NQ2: 0 | NR2: 1 | NS2: 2 | NT2: 0 | NU2: 1 | NV2: 3 | NW2: 0 | NX2: 0 | NY2: 0 | NZ2: 2 | OA2: 0 | OB2: 0 | OC2: 0 | OD2: 0 | OE2: 1 | OF2: 1 | OG2: 0 | OH2: 4 | OI2: 0 | OJ2: 3 | OK2: 1 | OL2: 0 | OM2: 1 | ON2: 1 | OO2: 2 | OP2: 3 | OQ2: 0 | OR2: 0 | OS2: 1 | OT2: 0 | OU2: 0 | OV2: 2 | OW2: 2 | OX2: 3 | OY2: 1 | OZ2: 0 | PA2: 1 | PB2: 1 | PC2: 0 | PD2: 1 | PE2: 0 | PF2: 0 | PG2: 1 | PH2: 0 | PI2: 1 | PJ2: 2 | PK2: 2 | PL2: 2 | PM2: 7 | PN2: 1 | PO2: 0 | PP2: 1 | PQ2: 3 | PR2: 0 | PS2: 3 | PT2: 0 | PU2: 2 | PV2: 0 | PW2: 1 | PX2: 4 | PY2: 2 | PZ2: 2 | QA2: 0 | QB2: 0 | QC2: 0 | QD2: 0 | QE2: 2 | QF2: 2 | QG2: 3 | QH2: 0 | QI2: 1 | QJ2: 0 | QK2: 1 | QL2: 0 | QM2: 4 | QN2: 0 | QO2: 0 | QP2: 1 | QQ2: 0 | QR2: 0 | QS2: 1 | QT2: 0 | QU2: 2 | QV2: 1 | QW2: 2 | QX2: 1 | QY2: 0 | QZ2: 2 | RA2: 1 | RB2: 0 | RC2: 2 | RD2: 0 | RE2: 1 | RF2: 1 | RG2: 0 | RH2: 1 | RI2: 3 | RJ2: 2 | RK2: 0 | RL2: 0 | RM2: 0 | RN2: 0 | RO2: 0 | RP2: 1 | RQ2: 0 | RR2: 1 | RS2: 2 | RT2: 1 | RU2: 2 | RV2: 1 | RW2: 0 | RX2: 0 | RY2: 2 | RZ2: 1 | SA2: 4 | SB2: 0 | SC2: 1 | SD2: 1 | SE2: 0 | SF2: 0 | SG2: 0 | SH2: 0 | SI2: 0 | SJ2: 3 | SK2: 2 | SL2: 2 | SM2: 1 | SN2: 1 | SO2: 2 | SP2: 0 | SQ2: 1 | SR2: 4 | SS2: 2 | ST2: 0 | SU2: 0 | SV2: 1 | SW2: 1 | SX2: 0 | SY2: 0 | SZ2: 0 | TA2: 1 | TB2: 1 | TC2: 0 | TD2: 0 | TE2: 1 | TF2: 1 | TG2: 0 | TH2: 0 | TI2: 1 | TJ2: 1 | TK2: 0 | TL2: 1 | TM2: 1 | TN2: 0 | TO2: 2 | TP2: 0 | TQ2: 1 | TR2: 0 | TS2: 0 | TT2: 1 | TU2: 0 | TV2: 2 | TW2: 4 | TX2: 0 | TY2: 2 | TZ2: 2 | UA2: 0 | UB2: 0 | UC2: 1 | UD2: 2 | UE2: 2 | UF2: 0 | UG2: 2 | UH2: 1 | UI2: 1 | UJ2: 1 | UK2: 2 | UL2: 0 | UM2: 0 | UN2: 4 | UO2: 1 | UP2: 0 | UQ2: 0 | UR2: 2 | US2: 1 | UT2: 13 | UU2: 1 | UV2: 0 | UW2: 0 | UX2: 5 | UY2: 0 | UZ2: 1 | VA2: 4 | VB2: 4 | VC2: 2 | VD2: 6 | VE2: 0 | VF2: 0 | VG2: 0 | VH2: 0 | VI2: 15 | VJ2: 3 | VK2: 0 | VL2: 1 | VM2: 0 | VN2: 1 | VO2: 0 | VP2: 1 | VQ2: 1 | VR2: 2 | VS2: 2 | VT2: 1 | VU2: 1 | VV2: 1 | VW2: 1 | VX2: 2 | VY2: 2 | VZ2: 2 | WA2: 0 | WB2: 2 | WC2: 0 | WD2: 1 | WE2: 5 | WF2: 1 | WG2: 0 | WH2: 1 | WI2: 0 | WJ2: 1 | WK2: 2 | WL2: 0 | WM2: 0 | WN2: 2 | WO2: 0 | WP2: 0 | WQ2: 2 | WR2: 0 | WS2: 6 | WT2: 2 | WU2: 3 | WV2: 1 | WW2: 2 | WX2: 0 | WY2: 2 | WZ2: 0 | XA2: 0 | XB2: 0 | XC2: 2 | XD2: 0 | XE2: 0 | XF2: 3 | XG2: 1 | XH2: 1 | XI2: 0 | XJ2: 0 | XK2: 1 | XL2: 1 | XM2: 1 | XN2: 0 | XO2: 0 | XP2: 0 | XQ2: 3 | XR2: 1 | XS2: 1 | XT2: 1 | XU2: 0 | XV2: 0 | XW2: 1 | XX2: 2 | XY2: 2 | XZ2: 5 | YA2: 2 | YB2: 0 | YC2: 0 | YD2: 0 | YE2: 2 | YF2: 1 | YG2: 0 | YH2: 0 | YI2: 0 | YJ2: 1 | YK2: 2 | YL2: 0 | YM2: 2 | YN2: 0 | YO2: 0 | YP2: 1 | YQ2: 0 | YR2: 0 | YS2: 0 | YT2: 0 | YU2: 0 | YV2: 3 | YW2: 0 | YX2: 5 | YY2: 2 | YZ2: 2 | ZA2: 0 | ZB2: 1 | ZC2: 0 | ZD2: 2 | ZE2: 0 | ZF2: 1 | ZG2: 5 | ZH2: 0 | ZI2: 1 | ZJ2: 0 | ZK2: 2 | ZL2: 0 | ZM2: 3 | ZN2: 0 | ZO2: 2 | ZP2: 2 | ZQ2: 0 | ZR2: 1 | ZS2: 0 | ZT2: 2 | ZU2: 0 | ZV2: 4 | ZW2: 4 | ZX2: 1 | ZY2: 1 | ZZ2: 0 | AAA2: 0 | AAB2: 1 | AAC2: 0 | AAD2: 0 | AAE2: 1 | AAF2: 2 | AAG2: 1 | AAH2: 0 | AAI2: 2 | AAJ2: 1 | AAK2: 1 | AAL2: 1 | AAM2: 0 | AAN2: 0 | AAO2: 0 | AAP2: 2 | AAQ2: 1 | AAR2: 3 | AAS2: 2 | AAT2: 1 | AAU2: 0 | AAV2: 0 | AAW2: 0 | AAX2: 0 | AAY2: 0 | AAZ2: 0 | ABA2: 2 | ABB2: 0 | ABC2: 2 | ABD2: 0 | ABE2: 0 | ABF2: 0 | ABG2: 1 | ABH2: 0 | ABI2: 0 | ABJ2: 0 | ABK2: 0 | ABL2: 0 | ABM2: 1 | ABN2: 2 | ABO2: 0 | ABP2: 2 | ABQ2: 1 | ABR2: 1 | ABS2: 0 | ABT2: 3 | ABU2: 3 | ABV2: 1 | ABW2: 1 | ABX2: 0 | ABY2: 1 | ABZ2: 0 | ACA2: 1 | ACB2: 1 | ACC2: 2 | ACD2: 0 | ACE2: 0 | ACF2: 0 | ACG2: 3 | ACH2: 0 | ACI2: 1 | ACJ2: 0 | ACK2: 0 | ACL2: 2 | ACM2: 0 | ACN2: 1 | ACO2: 1 | ACP2: 2 | ACQ2: 2 | ACR2: 0 | ACS2: 0 | ACT2: 0 | ACU2: 0 | ACV2: 0 | ACW2: 0 | ACX2: 2 | ACY2: 0 | ACZ2: 0 | ADA2: 0 | ADB2: 1 | ADC2: 2 | ADD2: 0 | ADE2: 0 | ADF2: 1 | ADG2: 0 | ADH2: 1 | ADI2: 2 | ADJ2: 2 | ADK2: 0 | ADL2: 0 | ADM2: 0 | ADN2: 1 | ADO2: 1 | ADP2: 1 | ADQ2: 0 | ADR2: 1 | ADS2: 1 | ADT2: 1 | ADU2: 0 | ADV2: 0 | ADW2: 1 | ADX2: 0 | ADY2: 0 | ADZ2: 0 | AEA2: 2 | AEB2: 0 | AEC2: 1 | AED2: 1 | AEE2: 1 | AEF2: 1 | AEG2: 1 | AEH2: 0 | AEI2: 0 | AEJ2: 0 | AEK2: 0 | AEL2: 0 | AEM2: 0 | AEN2: 0 | AEO2: 1 | AEP2: 0 | AEQ2: 0 | AER2: 0 | AES2: 1 | AET2: 0 | AEU2: 0 | AEV2: 0 | AEW2: 1 | AEX2: 2 | AEY2: 0 | AEZ2: 0 | AFA2: 0 | AFB2: 0 | AFC2: 0 | AFD2: 0 | AFE2: 2 | AFF2: 2 | AFG2: 1 | AFH2: 1 | AFI2: 0 | AFJ2: 1 | AFK2: 1 | AFL2: 3 | AFM2: 0 | AFN2: 1 | AFO2: 2 | AFP2: 0 | AFQ2: 0 | AFR2: 0 | AFS2: 0 | AFT2: 1 | AFU2: 0 | AFV2: 1 | AFW2: 0 | AFX2: 0 | AFY2: 2 | AFZ2: 2 | AGA2: 0 | AGB2: 1 | AGC2: 0 | AGD2: 0 | AGE2: 2 | AGF2: 0 | AGG2: 0 | AGH2: 0 | AGI2: 4 | AGJ2: 1 | AGK2: 0 | AGL2: 0 | AGM2: 0 | AGN2: 1 | AGO2: 1 | AGP2: 1 | AGQ2: 1 | AGR2: 1 | AGS2: 1 | AGT2: 0 | AGU2: 0 | AGV2: 0 | AGW2: 0 | AGX2: 2 | AGY2: 1 | AGZ2: 1 | AHA2: 0 | AHB2: 0 | AHC2: 0 | AHD2: 10 | AHE2: 0 | AHF2: 0 | AHG2: 1 | AHH2: 0 | AHI2: 0 | AHJ2: 0 | AHK2: 1 | AHL2: 1 | AHM2: 0 | AHN2: 9 | AHO2: 2 | AHP2: 0 | AHQ2: 0 | AHR2: 1 | AHS2: 2 | AHT2: 0 | AHU2: 1 | AHV2: 3 | AHW2: 0 | AHX2: 0 | AHY2: 0 | AHZ2: 1 | AIA2: 2 | AIB2: 0 | AIC2: 1 | AID2: 2 | AIE2: 0 | AIF2: 0 | AIG2: 1 | AIH2: 1 | AII2: 0 | AIJ2: 0 | AIK2: 0 | AIL2: 1 | AIM2: 1 | AIN2: 0 | AIO2: 0 | AIP2: 0 | AIQ2: 0 | AIR2: 1 | AIS2: 0 | AIT2: 1 | AIU2: 0 | AIV2: 0 | AIW2: 0 | AIX2: 0 | AIY2: 3 | AIZ2: 1 | AJA2: 0 | AJB2: 0 | AJC2: 1 | AJD2: 1 | AJE2: 0 | AJF2: 0 | AJG2: 0 | AJH2: 0 | AJI2: 0 | AJJ2: 0 | AJK2: 1 | AJL2: 0 | AJM2: 0 | AJN2: 0 | AJO2: 1 | AJP2: 0 | AJQ2: 0 | AJR2: 0 | AJS2: 0 | AJT2: 0 | AJU2: 0 | AJV2: 1 | AJW2: 0 | AJX2: 0 | AJY2: 0 | AJZ2: 2 | AKA2: 0 | AKB2: 0 | AKC2: 2 | AKD2: 1 | AKE2: 2 | AKF2: 2 | AKG2: 0 | AKH2: 0 | AKI2: 0 | AKJ2: 0 | AKK2: 1 | AKL2: 1 | AKM2: 0 | AKN2: 3 | AKO2: 1 | AKP2: 1 | AKQ2: 0 | AKR2: 0 | AKS2: 0 | AKT2: 0 | AKU2: 0 | AKV2: 0 | AKW2: 0 | AKX2: 1 | AKY2: 0 | AKZ2: 0 | ALA2: 0 | ALB2: 0 | ALC2: 0 | ALD2: 2 | ALE2: 0 | ALF2: 4 | ALG2: 2 | ALH2: 0 | ALI2: 0 | ALJ2: 1 | ALK2: 0 | ALL2: 2 | ALM2: 0 | ALN2: 0 | ALO2: 0 | ALP2: 1 | ALQ2: 0 | ALR2: 1 | ALS2: 0 | ALT2: 1 | ALU2: 0 | ALV2: 0 | ALW2: 0 | ALX2: 0 | ALY2: 1 | ALZ2: 0 | AMA2: 0 | AMB2: 0 | AMC2: 0 | AMD2: 0 | AME2: 0 | AMF2: 0 | AMG2: 0 | AMH2: 0 | AMI2: 0 | AMJ2: 0 | AMK2: 0 | AML2: 0 | AMM2: 0 | AMN2: 0 | AMO2: 0 | AMP2: 0 | AMQ2: 0 | AMR2: 0 | AMS2: 0 | AMT2: 0 | AMU2: 0 | AMV2: 0 | AMW2: 0 | AMX2: 0 | AMY2: 0 | AMZ2: 0 | ANA2: 0 | ANB2: 0 | ANC2: 0 | AND2: 0 | ANE2: 0 | ANF2: 0 | ANG2: 0 | ANH2: 0 | ANI2: 0 | ANJ2: 0 | ANK2: 0 | ANL2: 0 | ANM2: 0 | ANN2: 0 | ANO2: 0 | ANP2: 0 | ANQ2: 0 | ANR2: 0 | ANS2: 0 | ANT2: 0 | ANU2: 0 | ANV2: 0 | ANW2: 0 | ANX2: 0 | ANY2: 0 | ANZ2: 0 | AOA2: 0 | AOB2: 0 | AOC2: 0 | AOD2: 0 | AOE2: 0 | AOF2: 0 | AOG2: 0 | AOH2: 0 | AOI2: 0 | AOJ2: 0 | AOK2: 0 | AOL2: 0 | AOM2: 0 | AON2: 0 | AOO2: 0 | AOP2: 0 | AOQ2: 0 | AOR2: 0 | AOS2: 0 | AOT2: 0 | AOU2: 0 | AOV2: 0 | AOW2: 0 | AOX2: 0 | AOY2: 0 | AOZ2: 0 | APA2: 0 | APB2: 0 | APC2: 0 | APD2: 0 | APE2: 0 | APF2: 0 | APG2: 0 | APH2: 0 | API2: 0 | APJ2: 0 | APK2: 0 | APL2: 0 | APM2: 0 | APN2: 0 | APO2: 0 | APP2: 0 | APQ2: 0 | APR2: 0 | APS2: 0 | APT2: 2 | APU2: 2 | APV2: 0 | APW2: 0 | APX2: 4 | APY2: 0 | APZ2: 0 | AQA2: 1 | AQB2: 0 | AQC2: 2 | AQD2: 1 | AQE2: 0 | AQF2: 0 | AQG2: 0 | AQH2: 0 | AQI2: 2 | AQJ2: 0 | AQK2: 0 | AQL2: 3 | AQM2: 0 | AQN2: 1 | AQO2: 0 | AQP2: 4 | AQQ2: 0 | AQR2: 6 | AQS2: 0 | AQT2: 0 | AQU2: 0 | AQV2: 0 | AQW2: 0 | AQX2: 0 | AQY2: 0 | AQZ2: 0 | ARA2: 0 | ARB2: 1 | ARC2: 0 | ARD2: 2 | ARE2: 1 | ARF2: 0 | ARG2: 0 | ARH2: 0 | ARI2: 0 | ARJ2: 1 | ARK2: 1 | ARL2: 1 | ARM2: 0 | ARN2: 0 | ARO2: 1 | ARP2: 0 | ARQ2: 2 | ARR2: 1 | ARS2: 0 | ART2: 0 | ARU2: 0 | ARV2: 1 | ARW2: 1 | ARX2: 0 | ARY2: 3 | ARZ2: 0 | ASA2: 0 | ASB2: 2 | ASC2: 0 | ASD2: 0 | ASE2: 1 | ASF2: 0 | ASG2: 3 | ASH2: 0 | ASI2: 1 | ASJ2: 6 | ASK2: 2 | ASL2: 0 | ASM2: 3 | ASN2: 1 | ASO2: 2 | ASP2: 0 | ASQ2: 0 | ASR2: 0 | ASS2: 1 | AST2: 0 | ASU2: 0 | ASV2: 1 | ASW2: 1 | ASX2: 1 | ASY2: 1 | ASZ2: 3 | ATA2: 1 | ATB2: 1 | ATC2: 0 | ATD2: 0 | ATE2: 2 | ATF2: 0 | ATG2: 1 | ATH2: 2 | ATI2: 0 | ATJ2: 1 | ATK2: 2 | ATL2: 0 | ATM2: 0 | ATN2: 0 | ATO2: 2 | ATP2: 2 | ATQ2: 3 | ATR2: 1 | ATS2: 0 | ATT2: 1 | ATU2: 0 | ATV2: 0 | ATW2: 0 | ATX2: 0 | ATY2: 0 | ATZ2: 0 | AUA2: 5 | AUB2: 1 | AUC2: 0 | AUD2: 1 | AUE2: 1 | AUF2: 0 | AUG2: 0 | AUH2: 0 | AUI2: 2 | AUJ2: 2 | AUK2: 1 | AUL2: 0 | AUM2: 0 | AUN2: 0 | AUO2: 0 | AUP2: 1 | AUQ2: 2 | AUR2: 4 | AUS2: 1 | AUT2: 1 | AUU2: 1 | AUV2: 0 | AUW2: 1 | AUX2: 0 | AUY2: 1 | AUZ2: 2 | AVA2: 0 | AVB2: 1 | AVC2: 1 | AVD2: 2 | AVE2: 1 | AVF2: 0 | AVG2: 1 | AVH2: 0 | AVI2: 0 | AVJ2: 0 | AVK2: 0 | AVL2: 0 | AVM2: 0 | AVN2: 1 | AVO2: 0 | AVP2: 1 | AVQ2: 0 | AVR2: 0 | AVS2: 0 | AVT2: 1 | AVU2: 0 | AVV2: 0 | AVW2: 1 | AVX2: 0 | AVY2: 3 | AVZ2: 0 | AWA2: 1 | AWB2: 1 | AWC2: 0 | AWD2: 1 | AWE2: 2 | AWF2: 0 | AWG2: 1 | AWH2: 1 | AWI2: 0 | AWJ2: 0 | AWK2: 1 | AWL2: 0 | AWM2: 0 | AWN2: 2 | AWO2: 0 | AWP2: 0 | AWQ2: 0 | AWR2: 3 | AWS2: 0 | AWT2: 1 | AWU2: 2 | AWV2: 2 | AWW2: 2 | AWX2: 0 | AWY2: 2 | AWZ2: 0 | AXA2: 0 | AXB2: 0 | AXC2: 0 | AXD2: 2 | AXE2: 0 | AXF2: 0 | AXG2: 0 | AXH2: 1 | AXI2: 1 | AXJ2: 0 | AXK2: 1 | AXL2: 0 | AXM2: 3 | AXN2: 0 | AXO2: 1 | AXP2: 4 | AXQ2: 1 | AXR2: 0 | AXS2: 3 | AXT2: 0 | AXU2: 3 | AXV2: 1 | AXW2: 2 | AXX2: 1 | AXY2: 1 | AXZ2: 2 | AYA2: 0 | AYB2: 0 | AYC2: 0 | AYD2: 3 | AYE2: 0 | AYF2: 0 | AYG2: 0 | AYH2: 1 | AYI2: 0 | AYJ2: 1 | AYK2: 0 | AYL2: 0 | AYM2: 0 | AYN2: 0 | AYO2: 0 | AYP2: 0 | AYQ2: 0 | AYR2: 2 | AYS2: 1 | AYT2: 0 | AYU2: 0 | AYV2: 1 | AYW2: 1 | AYX2: 2 | AYY2: 1 | AYZ2: 1 | AZA2: 3 | AZB2: 1 | AZC2: 2 | AZD2: 0 | AZE2: 0 | AZF2: 0 | AZG2: 0 | AZH2: 1 | AZI2: 1 | AZJ2: 0 | AZK2: 0 | AZL2: 0 | AZM2: 0 | AZN2: 5 | AZO2: 0 | AZP2: 0 | AZQ2: 1 | AZR2: 0 | AZS2: 0 | AZT2: 1 | AZU2: 0 | AZV2: 4 | AZW2: 2 | AZX2: 0 | AZY2: 0 | AZZ2: 0 | BAA2: 0 | BAB2: 1 | BAC2: 0 | BAD2: 0 | BAE2: 0 | BAF2: 1 | BAG2: 3 | BAH2: 0 | BAI2: 1 | BAJ2: 0 | BAK2: 1 | BAL2: 2 | BAM2: 0 | BAN2: 0 | BAO2: 0 | BAP2: 2 | BAQ2: 1 | BAR2: 1 | BAS2: 0 | BAT2: 0 | BAU2: 0 | BAV2: 0 | BAW2: 2 | BAX2: 0 | BAY2: 0 | BAZ2: 0 | BBA2: 0 | BBB2: 0 | BBC2: 0 | BBD2: 0 | BBE2: 0 | BBF2: 0 | BBG2: 0 | BBH2: 0 | BBI2: 2 | BBJ2: 3 | BBK2: 0 | BBL2: 1 | BBM2: 0 | BBN2: 2 | BBO2: 2 | BBP2: 1 | BBQ2: 2 | BBR2: 2 | BBS2: 1 | BBT2: 1 | BBU2: 0 | BBV2: 1 | BBW2: 1 | BBX2: 1 | BBY2: 1 | BBZ2: 2 | BCA2: 1 | BCB2: 4 | BCC2: 0 | BCD2: 0 | BCE2: 1 | BCF2: 0 | BCG2: 0 | BCH2: 6 | BCI2: 0 | BCJ2: 1 | BCK2: 0 | BCL2: 1 | BCM2: 0 | BCN2: 1 | BCO2: 0 | BCP2: 0 | BCQ2: 2 | BCR2: 0 | BCS2: 2 | BCT2: 5 | BCU2: 1 | BCV2: 0 | BCW2: 0 | BCX2: 0 | BCY2: 0 | BCZ2: 0 | BDA2: 0 | BDB2: 0 | BDC2: 1 | BDD2: 0 | BDE2: 0 | BDF2: 1 | BDG2: 3 | BDH2: 0 | BDI2: 0 | BDJ2: 0 | BDK2: 0 | BDL2: 1 | BDM2: 0 | BDN2: 3 | BDO2: 0 | BDP2: 0 | BDQ2: 0 | BDR2: 0 | BDS2: 0 | BDT2: 0 | BDU2: 0 | BDV2: 2 | BDW2: 1 | BDX2: 1 | BDY2: 1 | BDZ2: 0 | BEA2: 4 | BEB2: 2 | BEC2: 1 | BED2: 1 | BEE2: 1 | BEF2: 0 | BEG2: 0 | BEH2: 0 | BEI2: 1 | BEJ2: 0 | BEK2: 0 | BEL2: 0 | BEM2: 1 | BEN2: 0 | BEO2: 0 | BEP2: 1 | BEQ2: 0 | BER2: 0 | BES2: 0 | BET2: 1 | BEU2: 7 | BEV2: 1 | BEW2: 0 | BEX2: 1 | BEY2: 0 | BEZ2: 1 | BFA2: 0 | BFB2: 1 | BFC2: 2 | BFD2: 1 | BFE2: 1 | BFF2: 2 | BFG2: 0 | BFH2: 0 | BFI2: 0 | BFJ2: 0 | BFK2: 0 | BFL2: 1 | BFM2: 0 | BFN2: 0 | BFO2: 0 | BFP2: 0 | BFQ2: 0 | BFR2: 0 | BFS2: 0 | BFT2: 0 | BFU2: 0 | BFV2: 0 | BFW2: 1 | BFX2: 0 | BFY2: 2 | BFZ2: 2 | BGA2: 0 | BGB2: 0 | BGC2: 1 | BGD2: 0 | BGE2: 0 | BGF2: 1 | BGG2: 2 | BGH2: 1 | BGI2: 1 | BGJ2: 0 | BGK2: 2 | BGL2: 0 | BGM2: 0 | BGN2: 1 | BGO2: 0 | BGP2: 0 | BGQ2: 0 | BGR2: 1 | BGS2: 0 | BGT2: 4 | BGU2: 0 | BGV2: 1 | BGW2: 0 | BGX2: 0 | BGY2: 0 | BGZ2: 1 | BHA2: 2 | BHB2: 0 | BHC2: 2 | BHD2: 0 | BHE2: 1 | BHF2: 0 | BHG2: 0 | BHH2: 2 | BHI2: 0 | BHJ2: 0 | BHK2: 1 | BHL2: 0 | BHM2: 0 | BHN2: 0 | BHO2: 0 | BHP2: 2 | BHQ2: 0 | BHR2: 0 | BHS2: 0 | BHT2: 1 | BHU2: 2 | BHV2: 0 | BHW2: 0 | BHX2: 0 | BHY2: 0 | BHZ2: 1 | BIA2: 0 | BIB2: 0 | BIC2: 0 | BID2: 2 | BIE2: 4 | BIF2: 0 | BIG2: 4 | BIH2: 1 | BII2: 0 | BIJ2: 1 | BIK2: 1 | BIL2: 0 | BIM2: 0 | BIN2: 0 | BIO2: 2 | BIP2: 0 | BIQ2: 0 | BIR2: 2 | BIS2: 1 | BIT2: 0 | BIU2: 0 | BIV2: 0 | BIW2: 1 | BIX2: 0 | BIY2: 1 | BIZ2: 0 | BJA2: 0 | BJB2: 0 | BJC2: 0 | BJD2: 0 | BJE2: 1 | BJF2: 0 | BJG2: 0 | BJH2: 0 | BJI2: 1 | BJJ2: 1 | BJK2: 0 | BJL2: 0 | BJM2: 0 | BJN2: 1 | BJO2: 0 | BJP2: 0 | BJQ2: 1 | BJR2: 0 | BJS2: 0 | BJT2: 3 | BJU2: 1 | BJV2: 0 | BJW2: 0 | BJX2: 1 | BJY2: 0 | BJZ2: 2 | BKA2: 3 | BKB2: 0 | BKC2: 0 | BKD2: 0 | BKE2: 0 | BKF2: 1 | BKG2: 0 | BKH2: 0 | BKI2: 0 | BKJ2: 1 | BKK2: 0 | BKL2: 0 | BKM2: 1 | BKN2: 0 | BKO2: 0 | BKP2: 0 | BKQ2: 0 | BKR2: 0 | BKS2: 0 | BKT2: 1 | BKU2: 0 | BKV2: 3 | BKW2: 1 | BKX2: 2 | BKY2: 0 | BKZ2: 0 | BLA2: 0 | BLB2: 0 | BLC2: 0 | BLD2: 0 | BLE2: 4 | BLF2: 0 | BLG2: 1 | BLH2: 1 | BLI2: 0 | BLJ2: 1 | BLK2: 0 | BLL2: 0 | BLM2: 1 | BLN2: 0 | BLO2: 2 | BLP2: 0 | BLQ2: 0 | BLR2: 0 | BLS2: 0 | BLT2: 1 | BLU2: 0 | BLV2: 0 | BLW2: 0 | BLX2: 0 | BLY2: 0 | BLZ2: 0 | BMA2: 1 | BMB2: 0 | BMC2: 4 | BMD2: 0 | BME2: 0 | BMF2: 0 | BMG2: 0 | BMH2: 0 | BMI2: 1 | BMJ2: 2 | BMK2: 3 | BML2: 0 | BMM2: 0 | BMN2: 0 | BMO2: 0 | BMP2: 2 | BMQ2: 1 | BMR2: 0 | BMS2: 0 | BMT2: 0 | BMU2: 0 | BMV2: 0 | BMW2: 0 | BMX2: 0 | BMY2: 0 | BMZ2: 4 | BNA2: 0 | BNB2: 1 | BNC2: 0 | BND2: 0 | BNE2: 0 | BNF2: 1 | BNG2: 4 | BNH2: 1 | BNI2: 0 | BNJ2: 0 | BNK2: 0 | BNL2: 1 | BNM2: 0 | BNN2: 1 | BNO2: 0 | BNP2: 0 | BNQ2: 2 | BNR2: 0 | BNS2: 0 | BNT2: 0 | BNU2: 1 | BNV2: 0 | BNW2: 0 | BNX2: 0 | BNY2: 1 | BNZ2: 1 | BOA2: 0 | BOB2: 1 | BOC2: 1 | BOD2: 1 | BOE2: 0 | BOF2: 0 | BOG2: 0 | BOH2: 1 | BOI2: 0 | BOJ2: 0 | BOK2: 2 | BOL2: 0 | BOM2: 1 | BON2: 0 | BOO2: 1 | BOP2: 0 | BOQ2: 1 | BOR2: 1 | BOS2: 6 | BOT2: 0 | BOU2: 0 | BOV2: 1 | BOW2: 1 | BOX2: 1 | BOY2: 1 | BOZ2: 0 | BPA2: 2 | BPB2: 1 | BPC2: 0 | BPD2: 1 | BPE2: 0 | BPF2: 0 | BPG2: 1 | BPH2: 0 | BPI2: 3 | BPJ2: 0 | BPK2: 0 | BPL2: 2 | BPM2: 4 | BPN2: 1 | BPO2: 1 | BPP2: 1 | BPQ2: 0 | BPR2: 4 | BPS2: 0 | BPT2: 1 | BPU2: 0 | BPV2: 0 | BPW2: 0 | BPX2: 2 | BPY2: 0 | BPZ2: 0 | BQA2: 1 | BQB2: 2 | BQC2: 0 | BQD2: 0 | BQE2: 1 | BQF2: 0 | BQG2: 0 | BQH2: 0 | BQI2: 0 | BQJ2: 2 | BQK2: 0 | BQL2: 0 | BQM2: 0 | BQN2: 1 | BQO2: 0 | BQP2: 0 | BQQ2: 0 | BQR2: 3 | BQS2: 0 | BQT2: 0 | BQU2: 0 | BQV2: 0 | BQW2: 2 | BQX2: 0 | BQY2: 0 | BQZ2: 0 | BRA2: 1 | BRB2: 0 | BRC2: 0 | BRD2: 0 | BRE2: 1 | BRF2: 0 | BRG2: 0 | BRH2: 0 | BRI2: 0 | BRJ2: 1 | BRK2: 1 | BRL2: 2 | BRM2: 1 | BRN2: 0 | BRO2: 2 | BRP2: 0 | BRQ2: 2 | BRR2: 0 | BRS2: 3 | BRT2: 1 | BRU2: 2 | BRV2: 0 | BRW2: 2 | BRX2: 0 | BRY2: 0 | BRZ2: 2 | BSA2: 0 | BSB2: 0 | BSC2: 2 | BSD2: 1 | BSE2: 0 | BSF2: 1 | BSG2: 0 | BSH2: 1 | BSI2: 2 | BSJ2: 0 | BSK2: 0 | BSL2: 1 | BSM2: 0 | BSN2: 0 | BSO2: 0 | BSP2: 0 | BSQ2: 0 | BSR2: 1 | BSS2: 0 | BST2: 1 | BSU2: 0 | BSV2: 0 | BSW2: 2 | BSX2: 0 | BSY2: 0 | BSZ2: 0 | BTA2: 0 | BTB2: 1 | BTC2: 1 | BTD2: 1 | BTE2: 1 | BTF2: 3 | BTG2: 0 | BTH2: 0 | BTI2: 2 | BTJ2: 1 | BTK2: 2 | BTL2: 2 | BTM2: 0 | BTN2: 2 | BTO2: 2 | BTP2: 0 | BTQ2: 1 | BTR2: 1 | BTS2: 0 | BTT2: 2 | BTU2: 1 | BTV2: 1 | BTW2: 0 | BTX2: 4 | BTY2: 0 | BTZ2: 0 | BUA2: 4 | BUB2: 1 | BUC2: 3 | BUD2: 0 | BUE2: 1 | BUF2: 0 | BUG2: 2 | BUH2: 2 | BUI2: 0 | BUJ2: 1 | BUK2: 1 | BUL2: 0 | BUM2: 2 | BUN2: 0 | BUO2: 4 | BUP2: 1 | BUQ2: 1 | BUR2: 0 | BUS2: 1 | BUT2: 1 | BUU2: 0
A3: FOODS_1_002_CA_1_validation | B3: FOODS_1_002 | C3: FOODS_1 | D3: FOODS | E3: CA_1 | F3: CA | G3: 0 | H3: 1 | I3: 0 | J3: 1 | K3: 1 | L3: 1 | M3: 0 | N3: 0 | O3: 0 | P3: 0 | Q3: 1 | R3: 1 | S3: 0 | T3: 2 | U3: 0 | V3: 1 | W3: 0 | X3: 0 | Y3: 0 | Z3: 0 | AA3: 0 | AB3: 0 | AC3: 0 | AD3: 0 | AE3: 0 | AF3: 0 | AG3: 0 | AH3: 0 | AI3: 1 | AJ3: 0 | AK3: 0 | AL3: 1 | AM3: 1 | AN3: 0 | AO3: 1 | AP3: 1 | AQ3: 3 | AR3: 0 | AS3: 0 | AT3: 0 | AU3: 0 | AV3: 0 | AW3: 0 | AX3: 0 | AY3: 0 | AZ3: 0 | BA3: 0 | BB3: 0 | BC3: 2 | BD3: 1 | BE3: 0 | BF3: 1 | BG3: 0 | BH3: 0 | BI3: 0 | BJ3: 0 | BK3: 0 | BL3: 1 | BM3: 2 | BN3: 0 | BO3: 0 | BP3: 0 | BQ3: 0 | BR3: 0 | BS3: 1 | BT3: 0 | BU3: 0 | BV3: 2 | BW3: 0 | BX3: 0 | BY3: 1 | BZ3: 0 | CA3: 0 | CB3: 0 | CC3: 0 | CD3: 0 | CE3: 4 | CF3: 0 | CG3: 0 | CH3: 0 | CI3: 0 | CJ3: 3 | CK3: 0 | CL3: 1 | CM3: 0 | CN3: 1 | CO3: 1 | CP3: 1 | CQ3: 1 | CR3: 1 | CS3: 1 | CT3: 3 | CU3: 0 | CV3: 2 | CW3: 1 | CX3: 1 | CY3: 0 | CZ3: 1 | DA3: 3 | DB3: 1 | DC3: 2 | DD3: 0 | DE3: 0 | DF3: 0 | DG3: 0 | DH3: 2 | DI3: 1 | DJ3: 0 | DK3: 0 | DL3: 1 | DM3: 0 | DN3: 1 | DO3: 0 | DP3: 3 | DQ3: 2 | DR3: 1 | DS3: 0 | DT3: 3 | DU3: 0 | DV3: 0 | DW3: 0 | DX3: 0 | DY3: 0 | DZ3: 1 | EA3: 0 | EB3: 2 | EC3: 0 | ED3: 0 | EE3: 4 | EF3: 2 | EG3: 4 | EH3: 0 | EI3: 3 | EJ3: 1 | EK3: 1 | EL3: 1 | EM3: 2 | EN3: 2 | EO3: 1 | EP3: 0 | EQ3: 2 | ER3: 3 | ES3: 1 | ET3: 2 | EU3: 0 | EV3: 2 | EW3: 2 | EX3: 1 | EY3: 0 | EZ3: 2 | FA3: 1 | FB3: 1 | FC3: 0 | FD3: 0 | FE3: 1 | FF3: 0 | FG3: 0 | FH3: 0 | FI3: 0 | FJ3: 0 | FK3: 0 | FL3: 2 | FM3: 2 | FN3: 1 | FO3: 1 | FP3: 1 | FQ3: 4 | FR3: 0 | FS3: 2 | FT3: 1 | FU3: 0 | FV3: 2 | FW3: 1 | FX3: 1 | FY3: 2 | FZ3: 0 | GA3: 0 | GB3: 0 | GC3: 0 | GD3: 1 | GE3: 2 | GF3: 2 | GG3: 0 | GH3: 0 | GI3: 2 | GJ3: 2 | GK3: 1 | GL3: 0 | GM3: 0 | GN3: 1 | GO3: 1 | GP3: 3 | GQ3: 1 | GR3: 0 | GS3: 1 | GT3: 5 | GU3: 2 | GV3: 0 | GW3: 0 | GX3: 0 | GY3: 1 | GZ3: 1 | HA3: 0 | HB3: 1 | HC3: 2 | HD3: 1 | HE3: 1 | HF3: 0 | HG3: 1 | HH3: 0 | HI3: 0 | HJ3: 1 | HK3: 2 | HL3: 1 | HM3: 3 | HN3: 2 | HO3: 1 | HP3: 1 | HQ3: 0 | HR3: 1 | HS3: 0 | HT3: 0 | HU3: 1 | HV3: 0 | HW3: 1 | HX3: 1 | HY3: 0 | HZ3: 0 | IA3: 0 | IB3: 0 | IC3: 0 | ID3: 3 | IE3: 2 | IF3: 0 | IG3: 0 | IH3: 0 | II3: 0 | IJ3: 0 | IK3: 0 | IL3: 0 | IM3: 1 | IN3: 3 | IO3: 2 | IP3: 0 | IQ3: 0 | IR3: 3 | IS3: 0 | IT3: 1 | IU3: 0 | IV3: 0 | IW3: 0 | IX3: 0 | IY3: 1 | IZ3: 2 | JA3: 1 | JB3: 0 | JC3: 0 | JD3: 0 | JE3: 2 | JF3: 1 | JG3: 3 | JH3: 1 | JI3: 0 | JJ3: 0 | JK3: 1 | JL3: 0 | JM3: 0 | JN3: 0 | JO3: 2 | JP3: 0 | JQ3: 0 | JR3: 0 | JS3: 2 | JT3: 1 | JU3: 2 | JV3: 1 | JW3: 0 | JX3: 0 | JY3: 0 | JZ3: 3 | KA3: 1 | KB3: 1 | KC3: 0 | KD3: 1 | KE3: 3 | KF3: 0 | KG3: 0 | KH3: 0 | KI3: 0 | KJ3: 1 | KK3: 1 | KL3: 1 | KM3: 1 | KN3: 4 | KO3: 0 | KP3: 2 | KQ3: 1 | KR3: 2 | KS3: 1 | KT3: 0 | KU3: 1 | KV3: 0 | KW3: 1 | KX3: 1 | KY3: 0 | KZ3: 0 | LA3: 0 | LB3: 2 | LC3: 2 | LD3: 1 | LE3: 2 | LF3: 3 | LG3: 0 | LH3: 2 | LI3: 0 | LJ3: 0 | LK3: 0 | LL3: 0 | LM3: 2 | LN3: 1 | LO3: 1 | LP3: 0 | LQ3: 0 | LR3: 2 | LS3: 4 | LT3: 1 | LU3: 0 | LV3: 0 | LW3: 1 | LX3: 2 | LY3: 0 | LZ3: 0 | MA3: 1 | MB3: 0 | MC3: 1 | MD3: 0 | ME3: 1 | MF3: 0 | MG3: 2 | MH3: 0 | MI3: 2 | MJ3: 0 | MK3: 0 | ML3: 0 | MM3: 4 | MN3: 2 | MO3: 0 | MP3: 2 | MQ3: 1 | MR3: 0 | MS3: 1 | MT3: 0 | MU3: 0 | MV3: 1 | MW3: 1 | MX3: 1 | MY3: 0 | MZ3: 0 | NA3: 0 | NB3: 2 | NC3: 0 | ND3: 1 | NE3: 3 | NF3: 0 | NG3: 0 | NH3: 0 | NI3: 0 | NJ3: 2 | NK3: 0 | NL3: 0 | NM3: 1 | NN3: 1 | NO3: 2 | NP3: 1 | NQ3: 0 | NR3: 0 | NS3: 0 | NT3: 0 | NU3: 0 | NV3: 1 | NW3: 1 | NX3: 2 | NY3: 0 | NZ3: 1 | OA3: 1 | OB3: 0 | OC3: 0 | OD3: 2 | OE3: 0 | OF3: 1 | OG3: 0 | OH3: 0 | OI3: 2 | OJ3: 2 | OK3: 1 | OL3: 1 | OM3: 2 | ON3: 2 | OO3: 1 | OP3: 1 | OQ3: 0 | OR3: 1 | OS3: 0 | OT3: 0 | OU3: 2 | OV3: 0 | OW3: 0 | OX3: 0 | OY3: 1 | OZ3: 2 | PA3: 2 | PB3: 1 | PC3: 0 | PD3: 0 | PE3: 3 | PF3: 0 | PG3: 1 | PH3: 2 | PI3: 0 | PJ3: 0 | PK3: 0 | PL3: 2 | PM3: 1 | PN3: 1 | PO3: 1 | PP3: 2 | PQ3: 4 | PR3: 0 | PS3: 2 | PT3: 2 | PU3: 0 | PV3: 0 | PW3: 0 | PX3: 4 | PY3: 1 | PZ3: 2 | QA3: 0 | QB3: 1 | QC3: 0 | QD3: 1 | QE3: 0 | QF3: 0 | QG3: 2 | QH3: 3 | QI3: 1 | QJ3: 1 | QK3: 1 | QL3: 1 | QM3: 2 | QN3: 0 | QO3: 1 | QP3: 0 | QQ3: 1 | QR3: 1 | QS3: 1 | QT3: 1 | QU3: 1 | QV3: 0 | QW3: 2 | QX3: 1 | QY3: 0 | QZ3: 2 | RA3: 0 | RB3: 1 | RC3: 1 | RD3: 0 | RE3: 1 | RF3: 8 | RG3: 0 | RH3: 2 | RI3: 0 | RJ3: 1 | RK3: 1 | RL3: 0 | RM3: 2 | RN3: 2 | RO3: 3 | RP3: 0 | RQ3: 0 | RR3: 0 | RS3: 1 | RT3: 1 | RU3: 2 | RV3: 1 | RW3: 0 | RX3: 0 | RY3: 1 | RZ3: 2 | SA3: 1 | SB3: 1 | SC3: 0 | SD3: 0 | SE3: 0 | SF3: 0 | SG3: 1 | SH3: 1 | SI3: 1 | SJ3: 2 | SK3: 1 | SL3: 1 | SM3: 1 | SN3: 1 | SO3: 2 | SP3: 2 | SQ3: 1 | SR3: 1 | SS3: 0 | ST3: 2 | SU3: 1 | SV3: 2 | SW3: 0 | SX3: 0 | SY3: 0 | SZ3: 2 | TA3: 0 | TB3: 0 | TC3: 1 | TD3: 0 | TE3: 0 | TF3: 0 | TG3: 0 | TH3: 2 | TI3: 0 | TJ3: 1 | TK3: 0 | TL3: 0 | TM3: 0 | TN3: 1 | TO3: 1 | TP3: 0 | TQ3: 2 | TR3: 0 | TS3: 3 | TT3: 0 | TU3: 0 | TV3: 1 | TW3: 0 | TX3: 0 | TY3: 1 | TZ3: 0 | UA3: 2 | UB3: 1 | UC3: 1 | UD3: 0 | UE3: 0 | UF3: 1 | UG3: 0 | UH3: 0 | UI3: 0 | UJ3: 0 | UK3: 1 | UL3: 0 | UM3: 0 | UN3: 1 | UO3: 0 | UP3: 0 | UQ3: 0 | UR3: 2 | US3: 1 | UT3: 0 | UU3: 0 | UV3: 2 | UW3: 0 | UX3: 4 | UY3: 1 | UZ3: 0 | VA3: 1 | VB3: 1 | VC3: 0 | VD3: 1 | VE3: 0 | VF3: 0 | VG3: 1 | VH3: 0 | VI3: 2 | VJ3: 0 | VK3: 1 | VL3: 1 | VM3: 0 | VN3: 0 | VO3: 1 | VP3: 0 | VQ3: 2 | VR3: 0 | VS3: 0 | VT3: 2 | VU3: 0 | VV3: 2 | VW3: 0 | VX3: 1 | VY3: 0 | VZ3: 0 | WA3: 1 | WB3: 0 | WC3: 0 | WD3: 0 | WE3: 0 | WF3: 0 | WG3: 1 | WH3: 1 | WI3: 0 | WJ3: 0 | WK3: 0 | WL3: 1 | WM3: 1 | WN3: 0 | WO3: 1 | WP3: 1 | WQ3: 0 | WR3: 1 | WS3: 1 | WT3: 0 | WU3: 0 | WV3: 1 | WW3: 1 | WX3: 0 | WY3: 2 | WZ3: 0 | XA3: 2 | XB3: 1 | XC3: 0 | XD3: 0 | XE3: 0 | XF3: 0 | XG3: 0 | XH3: 0 | XI3: 1 | XJ3: 1 | XK3: 0 | XL3: 0 | XM3: 0 | XN3: 0 | XO3: 0 | XP3: 0 | XQ3: 0 | XR3: 0 | XS3: 0 | XT3: 0 | XU3: 0 | XV3: 0 | XW3: 0 | XX3: 1 | XY3: 0 | XZ3: 0 | YA3: 0 | YB3: 0 | YC3: 2 | YD3: 0 | YE3: 0 | YF3: 1 | YG3: 1 | YH3: 2 | YI3: 0 | YJ3: 0 | YK3: 0 | YL3: 0 | YM3: 1 | YN3: 1 | YO3: 2 | YP3: 0 | YQ3: 0 | YR3: 1 | YS3: 0 | YT3: 0 | YU3: 0 | YV3: 0 | YW3: 1 | YX3: 0 | YY3: 1 | YZ3: 2 | ZA3: 0 | ZB3: 0 | ZC3: 1 | ZD3: 2 | ZE3: 0 | ZF3: 2 | ZG3: 0 | ZH3: 1 | ZI3: 0 | ZJ3: 1 | ZK3: 0 | ZL3: 0 | ZM3: 1 | ZN3: 0 | ZO3: 1 | ZP3: 0 | ZQ3: 0 | ZR3: 1 | ZS3: 0 | ZT3: 0 | ZU3: 2 | ZV3: 1 | ZW3: 1 | ZX3: 0 | ZY3: 1 | ZZ3: 2 | AAA3: 0 | AAB3: 2 | AAC3: 0 | AAD3: 0 | AAE3: 0 | AAF3: 0 | AAG3: 0 | AAH3: 0 | AAI3: 0 | AAJ3: 0 | AAK3: 0 | AAL3: 0 | AAM3: 0 | AAN3: 2 | AAO3: 0 | AAP3: 1 | AAQ3: 1 | AAR3: 0 | AAS3: 2 | AAT3: 0 | AAU3: 1 | AAV3: 0 | AAW3: 0 | AAX3: 1 | AAY3: 2 | AAZ3: 0 | ABA3: 2 | ABB3: 0 | ABC3: 0 | ABD3: 1 | ABE3: 0 | ABF3: 1 | ABG3: 1 | ABH3: 1 | ABI3: 0 | ABJ3: 0 | ABK3: 0 | ABL3: 2 | ABM3: 0 | ABN3: 0 | ABO3: 1 | ABP3: 0 | ABQ3: 0 | ABR3: 1 | ABS3: 0 | ABT3: 1 | ABU3: 0 | ABV3: 0 | ABW3: 1 | ABX3: 1 | ABY3: 0 | ABZ3: 0 | ACA3: 0 | ACB3: 0 | ACC3: 0 | ACD3: 0 | ACE3: 1 | ACF3: 0 | ACG3: 0 | ACH3: 0 | ACI3: 1 | ACJ3: 0 | ACK3: 0 | ACL3: 0 | ACM3: 0 | ACN3: 0 | ACO3: 1 | ACP3: 0 | ACQ3: 0 | ACR3: 0 | ACS3: 0 | ACT3: 0 | ACU3: 0 | ACV3: 0 | ACW3: 0 | ACX3: 2 | ACY3: 0 | ACZ3: 0 | ADA3: 0 | ADB3: 0 | ADC3: 1 | ADD3: 0 | ADE3: 0 | ADF3: 0 | ADG3: 0 | ADH3: 0 | ADI3: 0 | ADJ3: 0 | ADK3: 0 | ADL3: 0 | ADM3: 0 | ADN3: 0 | ADO3: 0 | ADP3: 0 | ADQ3: 0 | ADR3: 0 | ADS3: 0 | ADT3: 0 | ADU3: 0 | ADV3: 0 | ADW3: 1 | ADX3: 0 | ADY3: 0 | ADZ3: 0 | AEA3: 0 | AEB3: 0 | AEC3: 0 | AED3: 2 | AEE3: 0 | AEF3: 0 | AEG3: 0 | AEH3: 0 | AEI3: 0 | AEJ3: 0 | AEK3: 0 | AEL3: 0 | AEM3: 0 | AEN3: 0 | AEO3: 0 | AEP3: 0 | AEQ3: 0 | AER3: 0 | AES3: 2 | AET3: 2 | AEU3: 0 | AEV3: 0 | AEW3: 0 | AEX3: 0 | AEY3: 0 | AEZ3: 0 | AFA3: 0 | AFB3: 0 | AFC3: 0 | AFD3: 0 | AFE3: 0 | AFF3: 0 | AFG3: 0 | AFH3: 0 | AFI3: 0 | AFJ3: 0 | AFK3: 0 | AFL3: 0 | AFM3: 0 | AFN3: 0 | AFO3: 0 | AFP3: 0 | AFQ3: 0 | AFR3: 0 | AFS3: 0 | AFT3: 0 | AFU3: 0 | AFV3: 0 | AFW3: 0 | AFX3: 0 | AFY3: 0 | AFZ3: 0 | AGA3: 0 | AGB3: 0 | AGC3: 0 | AGD3: 0 | AGE3: 0 | AGF3: 0 | AGG3: 0 | AGH3: 0 | AGI3: 0 | AGJ3: 0 | AGK3: 0 | AGL3: 0 | AGM3: 0 | AGN3: 0 | AGO3: 0 | AGP3: 0 | AGQ3: 0 | AGR3: 0 | AGS3: 0 | AGT3: 0 | AGU3: 0 | AGV3: 0 | AGW3: 0 | AGX3: 0 | AGY3: 0 | AGZ3: 0 | AHA3: 0 | AHB3: 0 | AHC3: 0 | AHD3: 0 | AHE3: 0 | AHF3: 0 | AHG3: 0 | AHH3: 0 | AHI3: 0 | AHJ3: 0 | AHK3: 0 | AHL3: 0 | AHM3: 0 | AHN3: 0 | AHO3: 0 | AHP3: 0 | AHQ3: 0 | AHR3: 0 | AHS3: 0 | AHT3: 0 | AHU3: 0 | AHV3: 0 | AHW3: 0 | AHX3: 0 | AHY3: 0 | AHZ3: 0 | AIA3: 0 | AIB3: 0 | AIC3: 0 | AID3: 0 | AIE3: 0 | AIF3: 0 | AIG3: 0 | AIH3: 0 | AII3: 0 | AIJ3: 0 | AIK3: 0 | AIL3: 0 | AIM3: 0 | AIN3: 0 | AIO3: 0 | AIP3: 0 | AIQ3: 0 | AIR3: 0 | AIS3: 0 | AIT3: 0 | AIU3: 0 | AIV3: 0 | AIW3: 0 | AIX3: 0 | AIY3: 0 | AIZ3: 0 | AJA3: 0 | AJB3: 0 | AJC3: 0 | AJD3: 0 | AJE3: 0 | AJF3: 0 | AJG3: 0 | AJH3: 0 | AJI3: 0 | AJJ3: 0 | AJK3: 0 | AJL3: 0 | AJM3: 0 | AJN3: 0 | AJO3: 0 | AJP3: 0 | AJQ3: 0 | AJR3: 0 | AJS3: 0 | AJT3: 0 | AJU3: 0 | AJV3: 0 | AJW3: 0 | AJX3: 0 | AJY3: 0 | AJZ3: 0 | AKA3: 0 | AKB3: 0 | AKC3: 0 | AKD3: 0 | AKE3: 0 | AKF3: 0 | AKG3: 0 | AKH3: 0 | AKI3: 0 | AKJ3: 0 | AKK3: 0 | AKL3: 0 | AKM3: 0 | AKN3: 0 | AKO3: 0 | AKP3: 0 | AKQ3: 0 | AKR3: 0 | AKS3: 0 | AKT3: 0 | AKU3: 0 | AKV3: 0 | AKW3: 0 | AKX3: 0 | AKY3: 0 | AKZ3: 0 | ALA3: 0 | ALB3: 0 | ALC3: 0 | ALD3: 0 | ALE3: 0 | ALF3: 0 | ALG3: 0 | ALH3: 0 | ALI3: 0 | ALJ3: 0 | ALK3: 0 | ALL3: 0 | ALM3: 0 | ALN3: 0 | ALO3: 0 | ALP3: 0 | ALQ3: 0 | ALR3: 0 | ALS3: 0 | ALT3: 0 | ALU3: 0 | ALV3: 0 | ALW3: 0 | ALX3: 0 | ALY3: 0 | ALZ3: 0 | AMA3: 0 | AMB3: 0 | AMC3: 0 | AMD3: 0 | AME3: 0 | AMF3: 0 | AMG3: 0 | AMH3: 0 | AMI3: 0 | AMJ3: 0 | AMK3: 0 | AML3: 0 | AMM3: 0 | AMN3: 0 | AMO3: 0 | AMP3: 0 | AMQ3: 0 | AMR3: 0 | AMS3: 0 | AMT3: 0 | AMU3: 0 | AMV3: 0 | AMW3: 0 | AMX3: 0 | AMY3: 0 | AMZ3: 0 | ANA3: 0 | ANB3: 0 | ANC3: 0 | AND3: 0 | ANE3: 0 | ANF3: 0 | ANG3: 0 | ANH3: 0 | ANI3: 0 | ANJ3: 0 | ANK3: 0 | ANL3: 0 | ANM3: 0 | ANN3: 0 | ANO3: 0 | ANP3: 0 | ANQ3: 0 | ANR3: 0 | ANS3: 0 | ANT3: 0 | ANU3: 0 | ANV3: 0 | ANW3: 0 | ANX3: 0 | ANY3: 0 | ANZ3: 0 | AOA3: 0 | AOB3: 0 | AOC3: 0 | AOD3: 0 | AOE3: 0 | AOF3: 0 | AOG3: 0 | AOH3: 0 | AOI3: 0 | AOJ3: 0 | AOK3: 0 | AOL3: 0 | AOM3: 0 | AON3: 0 | AOO3: 0 | AOP3: 0 | AOQ3: 0 | AOR3: 0 | AOS3: 0 | AOT3: 0 | AOU3: 0 | AOV3: 0 | AOW3: 0 | AOX3: 0 | AOY3: 0 | AOZ3: 0 | APA3: 0 | APB3: 0 | APC3: 0 | APD3: 0 | APE3: 0 | APF3: 0 | APG3: 0 | APH3: 0 | API3: 0 | APJ3: 0 | APK3: 0 | APL3: 0 | APM3: 0 | APN3: 0 | APO3: 0 | APP3: 0 | APQ3: 0 | APR3: 0 | APS3: 0 | APT3: 0 | APU3: 0 | APV3: 0 | APW3: 0 | APX3: 0 | APY3: 0 | APZ3: 0 | AQA3: 0 | AQB3: 0 | AQC3: 0 | AQD3: 0 | AQE3: 0 | AQF3: 0 | AQG3: 0 | AQH3: 0 | AQI3: 0 | AQJ3: 0 | AQK3: 0 | AQL3: 0 | AQM3: 0 | AQN3: 0 | AQO3: 0 | AQP3: 0 | AQQ3: 0 | AQR3: 0 | AQS3: 0 | AQT3: 0 | AQU3: 1 | AQV3: 0 | AQW3: 0 | AQX3: 0 | AQY3: 1 | AQZ3: 0 | ARA3: 0 | ARB3: 0 | ARC3: 0 | ARD3: 0 | ARE3: 0 | ARF3: 1 | ARG3: 0 | ARH3: 1 | ARI3: 1 | ARJ3: 0 | ARK3: 0 | ARL3: 1 | ARM3: 0 | ARN3: 2 | ARO3: 1 | ARP3: 1 | ARQ3: 0 | ARR3: 0 | ARS3: 0 | ART3: 2 | ARU3: 1 | ARV3: 0 | ARW3: 1 | ARX3: 1 | ARY3: 0 | ARZ3: 0 | ASA3: 1 | ASB3: 0 | ASC3: 0 | ASD3: 0 | ASE3: 0 | ASF3: 0 | ASG3: 1 | ASH3: 0 | ASI3: 0 | ASJ3: 0 | ASK3: 0 | ASL3: 0 | ASM3: 2 | ASN3: 0 | ASO3: 0 | ASP3: 0 | ASQ3: 0 | ASR3: 0 | ASS3: 0 | AST3: 1 | ASU3: 2 | ASV3: 1 | ASW3: 0 | ASX3: 1 | ASY3: 1 | ASZ3: 0 | ATA3: 0 | ATB3: 1 | ATC3: 0 | ATD3: 0 | ATE3: 0 | ATF3: 1 | ATG3: 1 | ATH3: 2 | ATI3: 0 | ATJ3: 0 | ATK3: 0 | ATL3: 0 | ATM3: 0 | ATN3: 1 | ATO3: 2 | ATP3: 0 | ATQ3: 0 | ATR3: 1 | ATS3: 0 | ATT3: 1 | ATU3: 0 | ATV3: 0 | ATW3: 1 | ATX3: 2 | ATY3: 0 | ATZ3: 0 | AUA3: 2 | AUB3: 2 | AUC3: 1 | AUD3: 0 | AUE3: 1 | AUF3: 0 | AUG3: 3 | AUH3: 0 | AUI3: 0 | AUJ3: 0 | AUK3: 0 | AUL3: 1 | AUM3: 0 | AUN3: 2 | AUO3: 1 | AUP3: 0 | AUQ3: 1 | AUR3: 2 | AUS3: 2 | AUT3: 0 | AUU3: 0 | AUV3: 0 | AUW3: 1 | AUX3: 1 | AUY3: 0 | AUZ3: 0 | AVA3: 0 | AVB3: 0 | AVC3: 1 | AVD3: 1 | AVE3: 1 | AVF3: 0 | AVG3: 0 | AVH3: 0 | AVI3: 0 | AVJ3: 1 | AVK3: 0 | AVL3: 0 | AVM3: 1 | AVN3: 0 | AVO3: 0 | AVP3: 0 | AVQ3: 1 | AVR3: 0 | AVS3: 0 | AVT3: 2 | AVU3: 0 | AVV3: 0 | AVW3: 0 | AVX3: 2 | AVY3: 1 | AVZ3: 0 | AWA3: 1 | AWB3: 0 | AWC3: 0 | AWD3: 0 | AWE3: 0 | AWF3: 0 | AWG3: 1 | AWH3: 0 | AWI3: 1 | AWJ3: 0 | AWK3: 0 | AWL3: 0 | AWM3: 1 | AWN3: 0 | AWO3: 1 | AWP3: 0 | AWQ3: 1 | AWR3: 0 | AWS3: 0 | AWT3: 0 | AWU3: 0 | AWV3: 0 | AWW3: 2 | AWX3: 0 | AWY3: 0 | AWZ3: 2 | AXA3: 0 | AXB3: 0 | AXC3: 0 | AXD3: 0 | AXE3: 0 | AXF3: 0 | AXG3: 0 | AXH3: 0 | AXI3: 0 | AXJ3: 1 | AXK3: 1 | AXL3: 0 | AXM3: 1 | AXN3: 0 | AXO3: 0 | AXP3: 1 | AXQ3: 0 | AXR3: 0 | AXS3: 0 | AXT3: 0 | AXU3: 0 | AXV3: 0 | AXW3: 1 | AXX3: 0 | AXY3: 0 | AXZ3: 0 | AYA3: 0 | AYB3: 1 | AYC3: 1 | AYD3: 0 | AYE3: 0 | AYF3: 1 | AYG3: 1 | AYH3: 1 | AYI3: 0 | AYJ3: 0 | AYK3: 2 | AYL3: 4 | AYM3: 0 | AYN3: 0 | AYO3: 2 | AYP3: 0 | AYQ3: 1 | AYR3: 1 | AYS3: 1 | AYT3: 0 | AYU3: 0 | AYV3: 2 | AYW3: 1 | AYX3: 0 | AYY3: 1 | AYZ3: 0 | AZA3: 1 | AZB3: 1 | AZC3: 0 | AZD3: 1 | AZE3: 0 | AZF3: 1 | AZG3: 0 | AZH3: 0 | AZI3: 0 | AZJ3: 0 | AZK3: 0 | AZL3: 1 | AZM3: 1 | AZN3: 0 | AZO3: 1 | AZP3: 0 | AZQ3: 0 | AZR3: 0 | AZS3: 0 | AZT3: 2 | AZU3: 1 | AZV3: 1 | AZW3: 0 | AZX3: 0 | AZY3: 0 | AZZ3: 0 | BAA3: 1 | BAB3: 1 | BAC3: 0 | BAD3: 0 | BAE3: 1 | BAF3: 1 | BAG3: 1 | BAH3: 0 | BAI3: 0 | BAJ3: 1 | BAK3: 0 | BAL3: 1 | BAM3: 0 | BAN3: 0 | BAO3: 2 | BAP3: 1 | BAQ3: 0 | BAR3: 1 | BAS3: 0 | BAT3: 0 | BAU3: 1 | BAV3: 1 | BAW3: 1 | BAX3: 1 | BAY3: 0 | BAZ3: 0 | BBA3: 0 | BBB3: 0 | BBC3: 0 | BBD3: 0 | BBE3: 1 | BBF3: 0 | BBG3: 0 | BBH3: 0 | BBI3: 0 | BBJ3: 0 | BBK3: 0 | BBL3: 0 | BBM3: 0 | BBN3: 0 | BBO3: 0 | BBP3: 0 | BBQ3: 1 | BBR3: 2 | BBS3: 0 | BBT3: 0 | BBU3: 1 | BBV3: 0 | BBW3: 1 | BBX3: 0 | BBY3: 0 | BBZ3: 0 | BCA3: 0 | BCB3: 1 | BCC3: 0 | BCD3: 0 | BCE3: 0 | BCF3: 1 | BCG3: 0 | BCH3: 1 | BCI3: 0 | BCJ3: 0 | BCK3: 0 | BCL3: 0 | BCM3: 0 | BCN3: 0 | BCO3: 0 | BCP3: 0 | BCQ3: 1 | BCR3: 0 | BCS3: 0 | BCT3: 1 | BCU3: 0 | BCV3: 0 | BCW3: 0 | BCX3: 0 | BCY3: 4 | BCZ3: 0 | BDA3: 0 | BDB3: 0 | BDC3: 0 | BDD3: 1 | BDE3: 0 | BDF3: 1 | BDG3: 1 | BDH3: 1 | BDI3: 0 | BDJ3: 1 | BDK3: 0 | BDL3: 1 | BDM3: 0 | BDN3: 0 | BDO3: 1 | BDP3: 0 | BDQ3: 3 | BDR3: 0 | BDS3: 1 | BDT3: 0 | BDU3: 1 | BDV3: 1 | BDW3: 0 | BDX3: 0 | BDY3: 1 | BDZ3: 0 | BEA3: 0 | BEB3: 0 | BEC3: 3 | BED3: 0 | BEE3: 1 | BEF3: 0 | BEG3: 1 | BEH3: 1 | BEI3: 1 | BEJ3: 1 | BEK3: 0 | BEL3: 0 | BEM3: 0 | BEN3: 1 | BEO3: 0 | BEP3: 0 | BEQ3: 0 | BER3: 0 | BES3: 0 | BET3: 0 | BEU3: 0 | BEV3: 0 | BEW3: 3 | BEX3: 1 | BEY3: 0 | BEZ3: 0 | BFA3: 0 | BFB3: 2 | BFC3: 0 | BFD3: 0 | BFE3: 0 | BFF3: 0 | BFG3: 0 | BFH3: 0 | BFI3: 0 | BFJ3: 0 | BFK3: 1 | BFL3: 0 | BFM3: 0 | BFN3: 0 | BFO3: 0 | BFP3: 0 | BFQ3: 0 | BFR3: 1 | BFS3: 1 | BFT3: 1 | BFU3: 0 | BFV3: 0 | BFW3: 0 | BFX3: 0 | BFY3: 0 | BFZ3: 0 | BGA3: 0 | BGB3: 1 | BGC3: 0 | BGD3: 0 | BGE3: 0 | BGF3: 0 | BGG3: 1 | BGH3: 0 | BGI3: 1 | BGJ3: 0 | BGK3: 1 | BGL3: 0 | BGM3: 0 | BGN3: 1 | BGO3: 0 | BGP3: 0 | BGQ3: 0 | BGR3: 2 | BGS3: 0 | BGT3: 1 | BGU3: 0 | BGV3: 0 | BGW3: 0 | BGX3: 1 | BGY3: 0 | BGZ3: 0 | BHA3: 0 | BHB3: 2 | BHC3: 1 | BHD3: 0 | BHE3: 1 | BHF3: 0 | BHG3: 0 | BHH3: 0 | BHI3: 0 | BHJ3: 0 | BHK3: 1 | BHL3: 1 | BHM3: 0 | BHN3: 1 | BHO3: 1 | BHP3: 0 | BHQ3: 2 | BHR3: 0 | BHS3: 1 | BHT3: 0 | BHU3: 0 | BHV3: 1 | BHW3: 0 | BHX3: 0 | BHY3: 0 | BHZ3: 0 | BIA3: 0 | BIB3: 1 | BIC3: 0 | BID3: 0 | BIE3: 0 | BIF3: 0 | BIG3: 0 | BIH3: 0 | BII3: 0 | BIJ3: 0 | BIK3: 1 | BIL3: 0 | BIM3: 0 | BIN3: 3 | BIO3: 0 | BIP3: 0 | BIQ3: 2 | BIR3: 1 | BIS3: 2 | BIT3: 0 | BIU3: 0 | BIV3: 0 | BIW3: 0 | BIX3: 0 | BIY3: 0 | BIZ3: 0 | BJA3: 1 | BJB3: 1 | BJC3: 1 | BJD3: 0 | BJE3: 0 | BJF3: 0 | BJG3: 0 | BJH3: 0 | BJI3: 0 | BJJ3: 1 | BJK3: 3 | BJL3: 0 | BJM3: 0 | BJN3: 3 | BJO3: 1 | BJP3: 0 | BJQ3: 0 | BJR3: 1 | BJS3: 1 | BJT3: 1 | BJU3: 0 | BJV3: 1 | BJW3: 0 | BJX3: 0 | BJY3: 1 | BJZ3: 0 | BKA3: 0 | BKB3: 0 | BKC3: 1 | BKD3: 1 | BKE3: 2 | BKF3: 0 | BKG3: 0 | BKH3: 0 | BKI3: 2 | BKJ3: 1 | BKK3: 0 | BKL3: 1 | BKM3: 1 | BKN3: 0 | BKO3: 3 | BKP3: 1 | BKQ3: 0 | BKR3: 0 | BKS3: 0 | BKT3: 1 | BKU3: 1 | BKV3: 0 | BKW3: 0 | BKX3: 1 | BKY3: 2 | BKZ3: 2 | BLA3: 0 | BLB3: 0 | BLC3: 0 | BLD3: 0 | BLE3: 0 | BLF3: 1 | BLG3: 0 | BLH3: 2 | BLI3: 0 | BLJ3: 1 | BLK3: 0 | BLL3: 1 | BLM3: 2 | BLN3: 0 | BLO3: 0 | BLP3: 0 | BLQ3: 0 | BLR3: 0 | BLS3: 0 | BLT3: 0 | BLU3: 0 | BLV3: 0 | BLW3: 0 | BLX3: 0 | BLY3: 0 | BLZ3: 1 | BMA3: 0 | BMB3: 0 | BMC3: 0 | BMD3: 0 | BME3: 1 | BMF3: 2 | BMG3: 0 | BMH3: 1 | BMI3: 0 | BMJ3: 1 | BMK3: 1 | BML3: 0 | BMM3: 0 | BMN3: 0 | BMO3: 0 | BMP3: 0 | BMQ3: 2 | BMR3: 0 | BMS3: 0 | BMT3: 0 | BMU3: 1 | BMV3: 0 | BMW3: 0 | BMX3: 0 | BMY3: 2 | BMZ3: 0 | BNA3: 1 | BNB3: 0 | BNC3: 0 | BND3: 1 | BNE3: 0 | BNF3: 0 | BNG3: 0 | BNH3: 0 | BNI3: 0 | BNJ3: 0 | BNK3: 1 | BNL3: 0 | BNM3: 3 | BNN3: 0 | BNO3: 0 | BNP3: 0 | BNQ3: 0 | BNR3: 0 | BNS3: 0 | BNT3: 1 | BNU3: 1 | BNV3: 0 | BNW3: 0 | BNX3: 0 | BNY3: 0 | BNZ3: 0 | BOA3: 0 | BOB3: 0 | BOC3: 1 | BOD3: 0 | BOE3: 0 | BOF3: 0 | BOG3: 0 | BOH3: 1 | BOI3: 0 | BOJ3: 1 | BOK3: 0 | BOL3: 1 | BOM3: 0 | BON3: 0 | BOO3: 0 | BOP3: 0 | BOQ3: 1 | BOR3: 0 | BOS3: 1 | BOT3: 0 | BOU3: 0 | BOV3: 0 | BOW3: 1 | BOX3: 2 | BOY3: 0 | BOZ3: 0 | BPA3: 0 | BPB3: 0 | BPC3: 0 | BPD3: 0 | BPE3: 0 | BPF3: 0 | BPG3: 1 | BPH3: 0 | BPI3: 0 | BPJ3: 0 | BPK3: 0 | BPL3: 2 | BPM3: 0 | BPN3: 0 | BPO3: 0 | BPP3: 0 | BPQ3: 3 | BPR3: 0 | BPS3: 0 | BPT3: 0 | BPU3: 2 | BPV3: 0 | BPW3: 1 | BPX3: 0 | BPY3: 2 | BPZ3: 0 | BQA3: 1 | BQB3: 1 | BQC3: 0 | BQD3: 0 | BQE3: 0 | BQF3: 0 | BQG3: 0 | BQH3: 2 | BQI3: 0 | BQJ3: 1 | BQK3: 0 | BQL3: 1 | BQM3: 0 | BQN3: 2 | BQO3: 0 | BQP3: 0 | BQQ3: 0 | BQR3: 0 | BQS3: 0 | BQT3: 0 | BQU3: 0 | BQV3: 0 | BQW3: 0 | BQX3: 0 | BQY3: 0 | BQZ3: 0 | BRA3: 2 | BRB3: 1 | BRC3: 0 | BRD3: 0 | BRE3: 0 | BRF3: 0 | BRG3: 0 | BRH3: 0 | BRI3: 1 | BRJ3: 0 | BRK3: 0 | BRL3: 0 | BRM3: 0 | BRN3: 0 | BRO3: 0 | BRP3: 2 | BRQ3: 0 | BRR3: 0 | BRS3: 4 | BRT3: 0 | BRU3: 0 | BRV3: 2 | BRW3: 0 | BRX3: 0 | BRY3: 1 | BRZ3: 1 | BSA3: 0 | BSB3: 0 | BSC3: 1 | BSD3: 3 | BSE3: 0 | BSF3: 0 | BSG3: 0 | BSH3: 0 | BSI3: 0 | BSJ3: 0 | BSK3: 0 | BSL3: 0 | BSM3: 0 | BSN3: 0 | BSO3: 0 | BSP3: 0 | BSQ3: 0 | BSR3: 1 | BSS3: 0 | BST3: 0 | BSU3: 0 | BSV3: 0 | BSW3: 2 | BSX3: 0 | BSY3: 0 | BSZ3: 0 | BTA3: 1 | BTB3: 0 | BTC3: 0 | BTD3: 0 | BTE3: 1 | BTF3: 0 | BTG3: 1 | BTH3: 1 | BTI3: 1 | BTJ3: 2 | BTK3: 1 | BTL3: 1 | BTM3: 0 | BTN3: 1 | BTO3: 0 | BTP3: 0 | BTQ3: 1 | BTR3: 0 | BTS3: 0 | BTT3: 0 | BTU3: 1 | BTV3: 0 | BTW3: 0 | BTX3: 0 | BTY3: 0 | BTZ3: 0 | BUA3: 0 | BUB3: 0 | BUC3: 1 | BUD3: 0 | BUE3: 0 | BUF3: 0 | BUG3: 0 | BUH3: 1 | BUI3: 0 | BUJ3: 0 | BUK3: 1 | BUL3: 1 | BUM3: 3 | BUN3: 1 | BUO3: 0 | BUP3: 0 | BUQ3: 1 | BUR3: 2 | BUS3: 0 | BUT3: 0 | BUU3: 0
A4: FOODS_1_003_CA_1_validation | B4: FOODS_1_003 | C4: FOODS_1 | D4: FOODS | E4: CA_1 | F4: CA | G4: 0 | H4: 0 | I4: 0 | J4: 0 | K4: 1 | L4: 3 | M4: 1 | N4: 1 | O4: 1 | P4: 0 | Q4: 1 | R4: 0 | S4: 0 | T4: 2 | U4: 1 | V4: 1 | W4: 1 | X4: 0 | Y4: 0 | Z4: 1 | AA4: 0 | AB4: 2 | AC4: 4 | AD4: 1 | AE4: 1 | AF4: 2 | AG4: 1 | AH4: 0 | AI4: 1 | AJ4: 0 | AK4: 1 | AL4: 0 | AM4: 1 | AN4: 1 | AO4: 2 | AP4: 3 | AQ4: 1 | AR4: 0 | AS4: 0 | AT4: 0 | AU4: 2 | AV4: 0 | AW4: 0 | AX4: 0 | AY4: 0 | AZ4: 2 | BA4: 2 | BB4: 1 | BC4: 0 | BD4: 3 | BE4: 2 | BF4: 1 | BG4: 0 | BH4: 0 | BI4: 0 | BJ4: 1 | BK4: 0 | BL4: 3 | BM4: 0 | BN4: 2 | BO4: 0 | BP4: 2 | BQ4: 2 | BR4: 1 | BS4: 0 | BT4: 1 | BU4: 0 | BV4: 0 | BW4: 0 | BX4: 0 | BY4: 2 | BZ4: 3 | CA4: 1 | CB4: 1 | CC4: 0 | CD4: 0 | CE4: 3 | CF4: 2 | CG4: 2 | CH4: 0 | CI4: 1 | CJ4: 0 | CK4: 3 | CL4: 1 | CM4: 0 | CN4: 0 | CO4: 0 | CP4: 2 | CQ4: 0 | CR4: 2 | CS4: 1 | CT4: 1 | CU4: 1 | CV4: 3 | CW4: 4 | CX4: 0 | CY4: 3 | CZ4: 7 | DA4: 2 | DB4: 0 | DC4: 0 | DD4: 0 | DE4: 0 | DF4: 0 | DG4: 0 | DH4: 2 | DI4: 1 | DJ4: 2 | DK4: 4 | DL4: 0 | DM4: 1 | DN4: 0 | DO4: 3 | DP4: 0 | DQ4: 1 | DR4: 1 | DS4: 0 | DT4: 0 | DU4: 0 | DV4: 0 | DW4: 1 | DX4: 2 | DY4: 0 | DZ4: 0 | EA4: 3 | EB4: 0 | EC4: 1 | ED4: 0 | EE4: 4 | EF4: 0 | EG4: 0 | EH4: 0 | EI4: 0 | EJ4: 6 | EK4: 4 | EL4: 0 | EM4: 0 | EN4: 0 | EO4: 1 | EP4: 1 | EQ4: 0 | ER4: 1 | ES4: 0 | ET4: 0 | EU4: 1 | EV4: 2 | EW4: 2 | EX4: 1 | EY4: 0 | EZ4: 0 | FA4: 1 | FB4: 0 | FC4: 4 | FD4: 0 | FE4: 0 | FF4: 0 | FG4: 0 | FH4: 0 | FI4: 1 | FJ4: 0 | FK4: 0 | FL4: 0 | FM4: 1 | FN4: 0 | FO4: 0 | FP4: 1 | FQ4: 0 | FR4: 0 | FS4: 0 | FT4: 2 | FU4: 2 | FV4: 1 | FW4: 0 | FX4: 0 | FY4: 0 | FZ4: 0 | GA4: 1 | GB4: 2 | GC4: 0 | GD4: 0 | GE4: 0 | GF4: 2 | GG4: 0 | GH4: 1 | GI4: 0 | GJ4: 1 | GK4: 1 | GL4: 0 | GM4: 0 | GN4: 1 | GO4: 2 | GP4: 2 | GQ4: 0 | GR4: 2 | GS4: 0 | GT4: 4 | GU4: 5 | GV4: 0 | GW4: 0 | GX4: 1 | GY4: 0 | GZ4: 0 | HA4: 1 | HB4: 2 | HC4: 0 | HD4: 2 | HE4: 1 | HF4: 0 | HG4: 4 | HH4: 2 | HI4: 2 | HJ4: 0 | HK4: 0 | HL4: 0 | HM4: 1 | HN4: 1 | HO4: 2 | HP4: 1 | HQ4: 0 | HR4: 0 | HS4: 1 | HT4: 2 | HU4: 0 | HV4: 0 | HW4: 0 | HX4: 0 | HY4: 0 | HZ4: 0 | IA4: 0 | IB4: 1 | IC4: 0 | ID4: 8 | IE4: 0 | IF4: 1 | IG4: 0 | IH4: 0 | II4: 1 | IJ4: 0 | IK4: 2 | IL4: 1 | IM4: 0 | IN4: 0 | IO4: 0 | IP4: 0 | IQ4: 1 | IR4: 0 | IS4: 0 | IT4: 1 | IU4: 2 | IV4: 0 | IW4: 2 | IX4: 1 | IY4: 2 | IZ4: 1 | JA4: 2 | JB4: 2 | JC4: 0 | JD4: 0 | JE4: 0 | JF4: 1 | JG4: 0 | JH4: 1 | JI4: 2 | JJ4: 0 | JK4: 1 | JL4: 1 | JM4: 0 | JN4: 3 | JO4: 0 | JP4: 0 | JQ4: 4 | JR4: 0 | JS4: 2 | JT4: 3 | JU4: 2 | JV4: 0 | JW4: 1 | JX4: 1 | JY4: 0 | JZ4: 2 | KA4: 0 | KB4: 0 | KC4: 0 | KD4: 0 | KE4: 1 | KF4: 1 | KG4: 0 | KH4: 2 | KI4: 0 | KJ4: 0 | KK4: 1 | KL4: 0 | KM4: 1 | KN4: 1 | KO4: 3 | KP4: 3 | KQ4: 0 | KR4: 1 | KS4: 0 | KT4: 0 | KU4: 2 | KV4: 0 | KW4: 0 | KX4: 0 | KY4: 0 | KZ4: 2 | LA4: 1 | LB4: 0 | LC4: 1 | LD4: 2 | LE4: 0 | LF4: 1 | LG4: 0 | LH4: 0 | LI4: 0 | LJ4: 2 | LK4: 1 | LL4: 0 | LM4: 2 | LN4: 2 | LO4: 1 | LP4: 1 | LQ4: 6 | LR4: 0 | LS4: 1 | LT4: 0 | LU4: 0 | LV4: 2 | LW4: 0 | LX4: 0 | LY4: 0 | LZ4: 0 | MA4: 0 | MB4: 0 | MC4: 0 | MD4: 1 | ME4: 1 | MF4: 0 | MG4: 0 | MH4: 0 | MI4: 0 | MJ4: 1 | MK4: 0 | ML4: 0 | MM4: 0 | MN4: 0 | MO4: 1 | MP4: 1 | MQ4: 0 | MR4: 1 | MS4: 4 | MT4: 0 | MU4: 0 | MV4: 2 | MW4: 0 | MX4: 0 | MY4: 0 | MZ4: 0 | NA4: 0 | NB4: 0 | NC4: 1 | ND4: 1 | NE4: 1 | NF4: 0 | NG4: 1 | NH4: 3 | NI4: 0 | NJ4: 1 | NK4: 2 | NL4: 1 | NM4: 0 | NN4: 1 | NO4: 1 | NP4: 0 | NQ4: 2 | NR4: 0 | NS4: 0 | NT4: 0 | NU4: 2 | NV4: 0 | NW4: 1 | NX4: 0 | NY4: 0 | NZ4: 0 | OA4: 0 | OB4: 1 | OC4: 0 | OD4: 1 | OE4: 0 | OF4: 0 | OG4: 2 | OH4: 3 | OI4: 0 | OJ4: 0 | OK4: 1 | OL4: 1 | OM4: 1 | ON4: 0 | OO4: 1 | OP4: 5 | OQ4: 1 | OR4: 0 | OS4: 0 | OT4: 1 | OU4: 1 | OV4: 0 | OW4: 0 | OX4: 3 | OY4: 0 | OZ4: 2 | PA4: 0 | PB4: 0 | PC4: 0 | PD4: 2 | PE4: 0 | PF4: 0 | PG4: 0 | PH4: 1 | PI4: 0 | PJ4: 0 | PK4: 2 | PL4: 0 | PM4: 0 | PN4: 0 | PO4: 0 | PP4: 0 | PQ4: 1 | PR4: 2 | PS4: 1 | PT4: 2 | PU4: 1 | PV4: 2 | PW4: 1 | PX4: 0 | PY4: 3 | PZ4: 1 | QA4: 1 | QB4: 0 | QC4: 1 | QD4: 0 | QE4: 0 | QF4: 6 | QG4: 1 | QH4: 0 | QI4: 0 | QJ4: 0 | QK4: 0 | QL4: 0 | QM4: 0 | QN4: 1 | QO4: 3 | QP4: 0 | QQ4: 0 | QR4: 1 | QS4: 1 | QT4: 1 | QU4: 1 | QV4: 2 | QW4: 4 | QX4: 1 | QY4: 0 | QZ4: 2 | RA4: 0 | RB4: 0 | RC4: 0 | RD4: 1 | RE4: 2 | RF4: 0 | RG4: 1 | RH4: 1 | RI4: 1 | RJ4: 0 | RK4: 1 | RL4: 0 | RM4: 0 | RN4: 2 | RO4: 1 | RP4: 1 | RQ4: 0 | RR4: 2 | RS4: 0 | RT4: 3 | RU4: 0 | RV4: 2 | RW4: 0 | RX4: 4 | RY4: 4 | RZ4: 0 | SA4: 1 | SB4: 1 | SC4: 1 | SD4: 0 | SE4: 0 | SF4: 0 | SG4: 0 | SH4: 0 | SI4: 2 | SJ4: 0 | SK4: 1 | SL4: 3 | SM4: 5 | SN4: 1 | SO4: 1 | SP4: 1 | SQ4: 0 | SR4: 0 | SS4: 0 | ST4: 1 | SU4: 0 | SV4: 1 | SW4: 0 | SX4: 1 | SY4: 1 | SZ4: 3 | TA4: 0 | TB4: 0 | TC4: 2 | TD4: 1 | TE4: 1 | TF4: 0 | TG4: 2 | TH4: 0 | TI4: 3 | TJ4: 2 | TK4: 2 | TL4: 0 | TM4: 0 | TN4: 1 | TO4: 0 | TP4: 0 | TQ4: 3 | TR4: 0 | TS4: 0 | TT4: 0 | TU4: 6 | TV4: 0 | TW4: 2 | TX4: 2 | TY4: 0 | TZ4: 2 | UA4: 0 | UB4: 0 | UC4: 0 | UD4: 1 | UE4: 3 | UF4: 1 | UG4: 0 | UH4: 1 | UI4: 1 | UJ4: 1 | UK4: 0 | UL4: 4 | UM4: 0 | UN4: 0 | UO4: 0 | UP4: 0 | UQ4: 0 | UR4: 0 | US4: 0 | UT4: 0 | UU4: 0 | UV4: 0 | UW4: 0 | UX4: 2 | UY4: 1 | UZ4: 4 | VA4: 2 | VB4: 0 | VC4: 0 | VD4: 0 | VE4: 1 | VF4: 2 | VG4: 0 | VH4: 0 | VI4: 0 | VJ4: 2 | VK4: 2 | VL4: 4 | VM4: 0 | VN4: 3 | VO4: 1 | VP4: 1 | VQ4: 3 | VR4: 4 | VS4: 0 | VT4: 1 | VU4: 1 | VV4: 2 | VW4: 0 | VX4: 0 | VY4: 2 | VZ4: 2 | WA4: 3 | WB4: 1 | WC4: 1 | WD4: 0 | WE4: 0 | WF4: 2 | WG4: 4 | WH4: 3 | WI4: 1 | WJ4: 0 | WK4: 1 | WL4: 0 | WM4: 2 | WN4: 0 | WO4: 0 | WP4: 0 | WQ4: 1 | WR4: 0 | WS4: 1 | WT4: 2 | WU4: 0 | WV4: 5 | WW4: 2 | WX4: 0 | WY4: 3 | WZ4: 2 | XA4: 4 | XB4: 0 | XC4: 3 | XD4: 3 | XE4: 0 | XF4: 0 | XG4: 0 | XH4: 0 | XI4: 2 | XJ4: 1 | XK4: 0 | XL4: 1 | XM4: 2 | XN4: 0 | XO4: 4 | XP4: 1 | XQ4: 0 | XR4: 1 | XS4: 1 | XT4: 2 | XU4: 0 | XV4: 5 | XW4: 0 | XX4: 0 | XY4: 3 | XZ4: 0 | YA4: 1 | YB4: 0 | YC4: 0 | YD4: 2 | YE4: 0 | YF4: 2 | YG4: 3 | YH4: 6 | YI4: 0 | YJ4: 0 | YK4: 2 | YL4: 1 | YM4: 3 | YN4: 0 | YO4: 3 | YP4: 1 | YQ4: 1 | YR4: 0 | YS4: 3 | YT4: 0 | YU4: 4 | YV4: 1 | YW4: 0 | YX4: 1 | YY4: 1 | YZ4: 0 | ZA4: 2 | ZB4: 0 | ZC4: 0 | ZD4: 0 | ZE4: 0 | ZF4: 0 | ZG4: 1 | ZH4: 1 | ZI4: 3 | ZJ4: 0 | ZK4: 0 | ZL4: 0 | ZM4: 1 | ZN4: 3 | ZO4: 1 | ZP4: 2 | ZQ4: 0 | ZR4: 0 | ZS4: 0 | ZT4: 2 | ZU4: 0 | ZV4: 6 | ZW4: 1 | ZX4: 2 | ZY4: 2 | ZZ4: 2 | AAA4: 0 | AAB4: 3 | AAC4: 1 | AAD4: 2 | AAE4: 3 | AAF4: 0 | AAG4: 0 | AAH4: 1 | AAI4: 0 | AAJ4: 0 | AAK4: 2 | AAL4: 1 | AAM4: 1 | AAN4: 1 | AAO4: 0 | AAP4: 0 | AAQ4: 0 | AAR4: 0 | AAS4: 4 | AAT4: 0 | AAU4: 2 | AAV4: 0 | AAW4: 2 | AAX4: 0 | AAY4: 0 | AAZ4: 1 | ABA4: 4 | ABB4: 0 | ABC4: 0 | ABD4: 0 | ABE4: 0 | ABF4: 0 | ABG4: 1 | ABH4: 1 | ABI4: 1 | ABJ4: 0 | ABK4: 0 | ABL4: 1 | ABM4: 1 | ABN4: 0 | ABO4: 3 | ABP4: 0 | ABQ4: 1 | ABR4: 0 | ABS4: 1 | ABT4: 0 | ABU4: 0 | ABV4: 1 | ABW4: 1 | ABX4: 1 | ABY4: 0 | ABZ4: 0 | ACA4: 1 | ACB4: 1 | ACC4: 2 | ACD4: 0 | ACE4: 4 | ACF4: 0 | ACG4: 1 | ACH4: 0 | ACI4: 0 | ACJ4: 1 | ACK4: 0 | ACL4: 0 | ACM4: 0 | ACN4: 0 | ACO4: 3 | ACP4: 3 | ACQ4: 0 | ACR4: 0 | ACS4: 0 | ACT4: 2 | ACU4: 1 | ACV4: 2 | ACW4: 1 | ACX4: 1 | ACY4: 0 | ACZ4: 0 | ADA4: 1 | ADB4: 2 | ADC4: 0 | ADD4: 3 | ADE4: 0 | ADF4: 1 | ADG4: 0 | ADH4: 1 | ADI4: 2 | ADJ4: 0 | ADK4: 3 | ADL4: 1 | ADM4: 2 | ADN4: 0 | ADO4: 1 | ADP4: 3 | ADQ4: 1 | ADR4: 4 | ADS4: 0 | ADT4: 0 | ADU4: 0 | ADV4: 3 | ADW4: 0 | ADX4: 0 | ADY4: 0 | ADZ4: 1 | AEA4: 2 | AEB4: 0 | AEC4: 3 | AED4: 0 | AEE4: 2 | AEF4: 0 | AEG4: 2 | AEH4: 1 | AEI4: 2 | AEJ4: 0 | AEK4: 0 | AEL4: 0 | AEM4: 1 | AEN4: 1 | AEO4: 0 | AEP4: 1 | AEQ4: 0 | AER4: 0 | AES4: 3 | AET4: 0 | AEU4: 0 | AEV4: 1 | AEW4: 1 | AEX4: 1 | AEY4: 2 | AEZ4: 0 | AFA4: 0 | AFB4: 1 | AFC4: 0 | AFD4: 0 | AFE4: 1 | AFF4: 2 | AFG4: 0 | AFH4: 0 | AFI4: 1 | AFJ4: 2 | AFK4: 1 | AFL4: 0 | AFM4: 1 | AFN4: 0 | AFO4: 0 | AFP4: 2 | AFQ4: 0 | AFR4: 1 | AFS4: 1 | AFT4: 0 | AFU4: 1 | AFV4: 0 | AFW4: 2 | AFX4: 1 | AFY4: 0 | AFZ4: 1 | AGA4: 1 | AGB4: 0 | AGC4: 1 | AGD4: 1 | AGE4: 1 | AGF4: 0 | AGG4: 0 | AGH4: 1 | AGI4: 2 | AGJ4: 0 | AGK4: 0 | AGL4: 0 | AGM4: 0 | AGN4: 0 | AGO4: 0 | AGP4: 0 | AGQ4: 0 | AGR4: 0 | AGS4: 0 | AGT4: 2 | AGU4: 1 | AGV4: 0 | AGW4: 0 | AGX4: 1 | AGY4: 1 | AGZ4: 0 | AHA4: 2 | AHB4: 2 | AHC4: 1 | AHD4: 0 | AHE4: 3 | AHF4: 2 | AHG4: 1 | AHH4: 1 | AHI4: 1 | AHJ4: 1 | AHK4: 3 | AHL4: 0 | AHM4: 2 | AHN4: 3 | AHO4: 0 | AHP4: 1 | AHQ4: 0 | AHR4: 0 | AHS4: 1 | AHT4: 2 | AHU4: 2 | AHV4: 0 | AHW4: 2 | AHX4: 1 | AHY4: 0 | AHZ4: 1 | AIA4: 0 | AIB4: 1 | AIC4: 1 | AID4: 0 | AIE4: 1 | AIF4: 2 | AIG4: 0 | AIH4: 0 | AII4: 0 | AIJ4: 0 | AIK4: 0 | AIL4: 1 | AIM4: 2 | AIN4: 0 | AIO4: 2 | AIP4: 0 | AIQ4: 0 | AIR4: 1 | AIS4: 0 | AIT4: 0 | AIU4: 2 | AIV4: 0 | AIW4: 0 | AIX4: 0 | AIY4: 1 | AIZ4: 3 | AJA4: 2 | AJB4: 3 | AJC4: 3 | AJD4: 1 | AJE4: 0 | AJF4: 2 | AJG4: 0 | AJH4: 0 | AJI4: 0 | AJJ4: 1 | AJK4: 0 | AJL4: 1 | AJM4: 1 | AJN4: 0 | AJO4: 1 | AJP4: 2 | AJQ4: 2 | AJR4: 4 | AJS4: 2 | AJT4: 0 | AJU4: 0 | AJV4: 1 | AJW4: 1 | AJX4: 1 | AJY4: 2 | AJZ4: 1 | AKA4: 3 | AKB4: 1 | AKC4: 0 | AKD4: 1 | AKE4: 2 | AKF4: 0 | AKG4: 2 | AKH4: 0 | AKI4: 0 | AKJ4: 0 | AKK4: 0 | AKL4: 1 | AKM4: 1 | AKN4: 1 | AKO4: 0 | AKP4: 0 | AKQ4: 0 | AKR4: 3 | AKS4: 0 | AKT4: 1 | AKU4: 2 | AKV4: 0 | AKW4: 1 | AKX4: 4 | AKY4: 2 | AKZ4: 1 | ALA4: 1 | ALB4: 0 | ALC4: 2 | ALD4: 1 | ALE4: 0 | ALF4: 0 | ALG4: 3 | ALH4: 0 | ALI4: 0 | ALJ4: 2 | ALK4: 0 | ALL4: 0 | ALM4: 0 | ALN4: 2 | ALO4: 1 | ALP4: 2 | ALQ4: 0 | ALR4: 0 | ALS4: 0 | ALT4: 0 | ALU4: 0 | ALV4: 0 | ALW4: 0 | ALX4: 0 | ALY4: 0 | ALZ4: 0 | AMA4: 0 | AMB4: 0 | AMC4: 0 | AMD4: 0 | AME4: 0 | AMF4: 2 | AMG4: 0 | AMH4: 0 | AMI4: 0 | AMJ4: 1 | AMK4: 0 | AML4: 0 | AMM4: 1 | AMN4: 3 | AMO4: 0 | AMP4: 0 | AMQ4: 0 | AMR4: 3 | AMS4: 0 | AMT4: 0 | AMU4: 0 | AMV4: 1 | AMW4: 2 | AMX4: 2 | AMY4: 0 | AMZ4: 0 | ANA4: 0 | ANB4: 0 | ANC4: 0 | AND4: 0 | ANE4: 1 | ANF4: 1 | ANG4: 2 | ANH4: 1 | ANI4: 0 | ANJ4: 1 | ANK4: 1 | ANL4: 1 | ANM4: 2 | ANN4: 0 | ANO4: 1 | ANP4: 0 | ANQ4: 2 | ANR4: 2 | ANS4: 0 | ANT4: 2 | ANU4: 4 | ANV4: 2 | ANW4: 0 | ANX4: 2 | ANY4: 1 | ANZ4: 1 | AOA4: 0 | AOB4: 0 | AOC4: 0 | AOD4: 0 | AOE4: 0 | AOF4: 0 | AOG4: 0 | AOH4: 0 | AOI4: 0 | AOJ4: 0 | AOK4: 0 | AOL4: 0 | AOM4: 0 | AON4: 0 | AOO4: 0 | AOP4: 0 | AOQ4: 3 | AOR4: 4 | AOS4: 0 | AOT4: 1 | AOU4: 1 | AOV4: 0 | AOW4: 0 | AOX4: 2 | AOY4: 1 | AOZ4: 0 | APA4: 1 | APB4: 0 | APC4: 2 | APD4: 0 | APE4: 0 | APF4: 0 | APG4: 1 | APH4: 0 | API4: 2 | APJ4: 0 | APK4: 0 | APL4: 0 | APM4: 0 | APN4: 6 | APO4: 0 | APP4: 0 | APQ4: 0 | APR4: 0 | APS4: 0 | APT4: 0 | APU4: 0 | APV4: 0 | APW4: 1 | APX4: 0 | APY4: 1 | APZ4: 2 | AQA4: 0 | AQB4: 1 | AQC4: 4 | AQD4: 1 | AQE4: 0 | AQF4: 0 | AQG4: 0 | AQH4: 2 | AQI4: 0 | AQJ4: 1 | AQK4: 0 | AQL4: 0 | AQM4: 0 | AQN4: 0 | AQO4: 0 | AQP4: 6 | AQQ4: 1 | AQR4: 0 | AQS4: 0 | AQT4: 0 | AQU4: 0 | AQV4: 0 | AQW4: 0 | AQX4: 0 | AQY4: 0 | AQZ4: 0 | ARA4: 1 | ARB4: 2 | ARC4: 0 | ARD4: 1 | ARE4: 1 | ARF4: 2 | ARG4: 2 | ARH4: 0 | ARI4: 0 | ARJ4: 1 | ARK4: 1 | ARL4: 1 | ARM4: 0 | ARN4: 0 | ARO4: 0 | ARP4: 0 | ARQ4: 0 | ARR4: 1 | ARS4: 0 | ART4: 2 | ARU4: 0 | ARV4: 0 | ARW4: 2 | ARX4: 1 | ARY4: 0 | ARZ4: 5 | ASA4: 1 | ASB4: 0 | ASC4: 0 | ASD4: 0 | ASE4: 0 | ASF4: 0 | ASG4: 2 | ASH4: 4 | ASI4: 0 | ASJ4: 0 | ASK4: 3 | ASL4: 1 | ASM4: 0 | ASN4: 2 | ASO4: 1 | ASP4: 0 | ASQ4: 3 | ASR4: 0 | ASS4: 0 | AST4: 0 | ASU4: 0 | ASV4: 1 | ASW4: 0 | ASX4: 2 | ASY4: 0 | ASZ4: 0 | ATA4: 0 | ATB4: 0 | ATC4: 3 | ATD4: 4 | ATE4: 1 | ATF4: 2 | ATG4: 0 | ATH4: 1 | ATI4: 0 | ATJ4: 0 | ATK4: 0 | ATL4: 0 | ATM4: 0 | ATN4: 1 | ATO4: 1 | ATP4: 0 | ATQ4: 1 | ATR4: 0 | ATS4: 1 | ATT4: 0 | ATU4: 0 | ATV4: 0 | ATW4: 0 | ATX4: 2 | ATY4: 0 | ATZ4: 1 | AUA4: 0 | AUB4: 0 | AUC4: 1 | AUD4: 2 | AUE4: 1 | AUF4: 0 | AUG4: 0 | AUH4: 3 | AUI4: 0 | AUJ4: 0 | AUK4: 1 | AUL4: 0 | AUM4: 1 | AUN4: 0 | AUO4: 1 | AUP4: 1 | AUQ4: 1 | AUR4: 0 | AUS4: 1 | AUT4: 0 | AUU4: 1 | AUV4: 1 | AUW4: 0 | AUX4: 1 | AUY4: 0 | AUZ4: 2 | AVA4: 3 | AVB4: 1 | AVC4: 0 | AVD4: 1 | AVE4: 0 | AVF4: 0 | AVG4: 1 | AVH4: 0 | AVI4: 0 | AVJ4: 0 | AVK4: 1 | AVL4: 3 | AVM4: 0 | AVN4: 1 | AVO4: 2 | AVP4: 0 | AVQ4: 0 | AVR4: 1 | AVS4: 0 | AVT4: 2 | AVU4: 2 | AVV4: 3 | AVW4: 0 | AVX4: 0 | AVY4: 0 | AVZ4: 1 | AWA4: 1 | AWB4: 1 | AWC4: 3 | AWD4: 2 | AWE4: 0 | AWF4: 0 | AWG4: 0 | AWH4: 2 | AWI4: 1 | AWJ4: 0 | AWK4: 0 | AWL4: 0 | AWM4: 0 | AWN4: 3 | AWO4: 2 | AWP4: 0 | AWQ4: 0 | AWR4: 2 | AWS4: 0 | AWT4: 0 | AWU4: 0 | AWV4: 1 | AWW4: 1 | AWX4: 0 | AWY4: 1 | AWZ4: 0 | AXA4: 0 | AXB4: 0 | AXC4: 3 | AXD4: 0 | AXE4: 0 | AXF4: 1 | AXG4: 0 | AXH4: 1 | AXI4: 2 | AXJ4: 0 | AXK4: 0 | AXL4: 1 | AXM4: 0 | AXN4: 2 | AXO4: 0 | AXP4: 0 | AXQ4: 2 | AXR4: 3 | AXS4: 1 | AXT4: 0 | AXU4: 0 | AXV4: 6 | AXW4: 0 | AXX4: 0 | AXY4: 0 | AXZ4: 2 | AYA4: 0 | AYB4: 0 | AYC4: 1 | AYD4: 0 | AYE4: 1 | AYF4: 0 | AYG4: 0 | AYH4: 0 | AYI4: 0 | AYJ4: 0 | AYK4: 1 | AYL4: 1 | AYM4: 2 | AYN4: 1 | AYO4: 0 | AYP4: 0 | AYQ4: 0 | AYR4: 0 | AYS4: 0 | AYT4: 1 | AYU4: 0 | AYV4: 0 | AYW4: 0 | AYX4: 3 | AYY4: 0 | AYZ4: 0 | AZA4: 3 | AZB4: 1 | AZC4: 0 | AZD4: 0 | AZE4: 1 | AZF4: 2 | AZG4: 0 | AZH4: 0 | AZI4: 0 | AZJ4: 0 | AZK4: 1 | AZL4: 3 | AZM4: 0 | AZN4: 0 | AZO4: 1 | AZP4: 0 | AZQ4: 0 | AZR4: 0 | AZS4: 0 | AZT4: 1 | AZU4: 2 | AZV4: 0 | AZW4: 1 | AZX4: 0 | AZY4: 1 | AZZ4: 0 | BAA4: 1 | BAB4: 1 | BAC4: 0 | BAD4: 0 | BAE4: 0 | BAF4: 1 | BAG4: 0 | BAH4: 0 | BAI4: 1 | BAJ4: 1 | BAK4: 0 | BAL4: 3 | BAM4: 0 | BAN4: 0 | BAO4: 1 | BAP4: 0 | BAQ4: 1 | BAR4: 2 | BAS4: 1 | BAT4: 0 | BAU4: 0 | BAV4: 0 | BAW4: 1 | BAX4: 3 | BAY4: 0 | BAZ4: 2 | BBA4: 1 | BBB4: 0 | BBC4: 0 | BBD4: 0 | BBE4: 4 | BBF4: 4 | BBG4: 2 | BBH4: 5 | BBI4: 0 | BBJ4: 0 | BBK4: 0 | BBL4: 0 | BBM4: 0 | BBN4: 1 | BBO4: 0 | BBP4: 1 | BBQ4: 0 | BBR4: 0 | BBS4: 1 | BBT4: 1 | BBU4: 1 | BBV4: 2 | BBW4: 0 | BBX4: 2 | BBY4: 0 | BBZ4: 2 | BCA4: 3 | BCB4: 2 | BCC4: 0 | BCD4: 3 | BCE4: 0 | BCF4: 0 | BCG4: 1 | BCH4: 0 | BCI4: 0 | BCJ4: 0 | BCK4: 0 | BCL4: 0 | BCM4: 0 | BCN4: 2 | BCO4: 0 | BCP4: 1 | BCQ4: 1 | BCR4: 0 | BCS4: 0 | BCT4: 1 | BCU4: 0 | BCV4: 1 | BCW4: 1 | BCX4: 0 | BCY4: 0 | BCZ4: 0 | BDA4: 1 | BDB4: 0 | BDC4: 1 | BDD4: 0 | BDE4: 0 | BDF4: 1 | BDG4: 0 | BDH4: 2 | BDI4: 1 | BDJ4: 0 | BDK4: 0 | BDL4: 1 | BDM4: 1 | BDN4: 1 | BDO4: 0 | BDP4: 1 | BDQ4: 1 | BDR4: 1 | BDS4: 0 | BDT4: 2 | BDU4: 0 | BDV4: 0 | BDW4: 0 | BDX4: 0 | BDY4: 0 | BDZ4: 1 | BEA4: 2 | BEB4: 0 | BEC4: 1 | BED4: 0 | BEE4: 2 | BEF4: 0 | BEG4: 0 | BEH4: 3 | BEI4: 0 | BEJ4: 0 | BEK4: 0 | BEL4: 0 | BEM4: 0 | BEN4: 0 | BEO4: 0 | BEP4: 1 | BEQ4: 0 | BER4: 2 | BES4: 0 | BET4: 1 | BEU4: 0 | BEV4: 0 | BEW4: 0 | BEX4: 1 | BEY4: 0 | BEZ4: 0 | BFA4: 0 | BFB4: 1 | BFC4: 0 | BFD4: 0 | BFE4: 2 | BFF4: 1 | BFG4: 0 | BFH4: 0 | BFI4: 0 | BFJ4: 1 | BFK4: 0 | BFL4: 1 | BFM4: 0 | BFN4: 1 | BFO4: 0 | BFP4: 0 | BFQ4: 4 | BFR4: 0 | BFS4: 1 | BFT4: 1 | BFU4: 0 | BFV4: 2 | BFW4: 3 | BFX4: 0 | BFY4: 0 | BFZ4: 0 | BGA4: 0 | BGB4: 0 | BGC4: 1 | BGD4: 0 | BGE4: 2 | BGF4: 1 | BGG4: 0 | BGH4: 0 | BGI4: 0 | BGJ4: 0 | BGK4: 0 | BGL4: 0 | BGM4: 0 | BGN4: 0 | BGO4: 0 | BGP4: 0 | BGQ4: 1 | BGR4: 0 | BGS4: 0 | BGT4: 1 | BGU4: 1 | BGV4: 6 | BGW4: 1 | BGX4: 0 | BGY4: 0 | BGZ4: 1 | BHA4: 0 | BHB4: 3 | BHC4: 2 | BHD4: 0 | BHE4: 0 | BHF4: 9 | BHG4: 2 | BHH4: 2 | BHI4: 0 | BHJ4: 0 | BHK4: 0 | BHL4: 2 | BHM4: 0 | BHN4: 0 | BHO4: 0 | BHP4: 1 | BHQ4: 0 | BHR4: 0 | BHS4: 2 | BHT4: 1 | BHU4: 0 | BHV4: 1 | BHW4: 3 | BHX4: 1 | BHY4: 0 | BHZ4: 1 | BIA4: 1 | BIB4: 0 | BIC4: 0 | BID4: 0 | BIE4: 1 | BIF4: 0 | BIG4: 0 | BIH4: 0 | BII4: 2 | BIJ4: 0 | BIK4: 1 | BIL4: 1 | BIM4: 1 | BIN4: 1 | BIO4: 0 | BIP4: 1 | BIQ4: 0 | BIR4: 3 | BIS4: 0 | BIT4: 0 | BIU4: 0 | BIV4: 0 | BIW4: 2 | BIX4: 0 | BIY4: 0 | BIZ4: 0 | BJA4: 0 | BJB4: 3 | BJC4: 0 | BJD4: 0 | BJE4: 0 | BJF4: 0 | BJG4: 0 | BJH4: 2 | BJI4: 0 | BJJ4: 1 | BJK4: 0 | BJL4: 2 | BJM4: 2 | BJN4: 2 | BJO4: 0 | BJP4: 0 | BJQ4: 1 | BJR4: 1 | BJS4: 1 | BJT4: 0 | BJU4: 2 | BJV4: 0 | BJW4: 0 | BJX4: 1 | BJY4: 0 | BJZ4: 1 | BKA4: 0 | BKB4: 1 | BKC4: 0 | BKD4: 3 | BKE4: 0 | BKF4: 1 | BKG4: 0 | BKH4: 2 | BKI4: 1 | BKJ4: 1 | BKK4: 5 | BKL4: 3 | BKM4: 0 | BKN4: 0 | BKO4: 0 | BKP4: 0 | BKQ4: 0 | BKR4: 0 | BKS4: 1 | BKT4: 0 | BKU4: 2 | BKV4: 3 | BKW4: 0 | BKX4: 1 | BKY4: 0 | BKZ4: 1 | BLA4: 0 | BLB4: 1 | BLC4: 0 | BLD4: 0 | BLE4: 0 | BLF4: 1 | BLG4: 0 | BLH4: 3 | BLI4: 2 | BLJ4: 2 | BLK4: 0 | BLL4: 0 | BLM4: 0 | BLN4: 0 | BLO4: 3 | BLP4: 1 | BLQ4: 1 | BLR4: 2 | BLS4: 0 | BLT4: 1 | BLU4: 0 | BLV4: 0 | BLW4: 1 | BLX4: 0 | BLY4: 0 | BLZ4: 0 | BMA4: 0 | BMB4: 2 | BMC4: 2 | BMD4: 0 | BME4: 0 | BMF4: 0 | BMG4: 1 | BMH4: 0 | BMI4: 0 | BMJ4: 0 | BMK4: 1 | BML4: 1 | BMM4: 0 | BMN4: 0 | BMO4: 2 | BMP4: 5 | BMQ4: 2 | BMR4: 2 | BMS4: 0 | BMT4: 3 | BMU4: 0 | BMV4: 0 | BMW4: 0 | BMX4: 1 | BMY4: 2 | BMZ4: 0 | BNA4: 8 | BNB4: 0 | BNC4: 0 | BND4: 0 | BNE4: 0 | BNF4: 0 | BNG4: 0 | BNH4: 1 | BNI4: 1 | BNJ4: 0 | BNK4: 0 | BNL4: 0 | BNM4: 1 | BNN4: 1 | BNO4: 2 | BNP4: 0 | BNQ4: 1 | BNR4: 0 | BNS4: 1 | BNT4: 1 | BNU4: 0 | BNV4: 1 | BNW4: 0 | BNX4: 1 | BNY4: 2 | BNZ4: 1 | BOA4: 2 | BOB4: 0 | BOC4: 0 | BOD4: 1 | BOE4: 0 | BOF4: 0 | BOG4: 4 | BOH4: 0 | BOI4: 0 | BOJ4: 0 | BOK4: 0 | BOL4: 0 | BOM4: 0 | BON4: 0 | BOO4: 2 | BOP4: 1 | BOQ4: 0 | BOR4: 0 | BOS4: 0 | BOT4: 0 | BOU4: 0 | BOV4: 1 | BOW4: 1 | BOX4: 0 | BOY4: 1 | BOZ4: 0 | BPA4: 0 | BPB4: 0 | BPC4: 2 | BPD4: 0 | BPE4: 1 | BPF4: 1 | BPG4: 0 | BPH4: 0 | BPI4: 0 | BPJ4: 0 | BPK4: 3 | BPL4: 0 | BPM4: 0 | BPN4: 0 | BPO4: 3 | BPP4: 0 | BPQ4: 2 | BPR4: 3 | BPS4: 0 | BPT4: 2 | BPU4: 1 | BPV4: 2 | BPW4: 1 | BPX4: 0 | BPY4: 0 | BPZ4: 0 | BQA4: 0 | BQB4: 0 | BQC4: 0 | BQD4: 0 | BQE4: 0 | BQF4: 0 | BQG4: 0 | BQH4: 0 | BQI4: 0 | BQJ4: 0 | BQK4: 0 | BQL4: 0 | BQM4: 0 | BQN4: 5 | BQO4: 0 | BQP4: 1 | BQQ4: 2 | BQR4: 0 | BQS4: 2 | BQT4: 0 | BQU4: 2 | BQV4: 0 | BQW4: 0 | BQX4: 0 | BQY4: 1 | BQZ4: 2 | BRA4: 0 | BRB4: 0 | BRC4: 0 | BRD4: 0 | BRE4: 1 | BRF4: 2 | BRG4: 2 | BRH4: 0 | BRI4: 6 | BRJ4: 0 | BRK4: 0 | BRL4: 0 | BRM4: 2 | BRN4: 0 | BRO4: 2 | BRP4: 2 | BRQ4: 0 | BRR4: 0 | BRS4: 1 | BRT4: 0 | BRU4: 3 | BRV4: 0 | BRW4: 0 | BRX4: 1 | BRY4: 0 | BRZ4: 1 | BSA4: 1 | BSB4: 4 | BSC4: 0 | BSD4: 1 | BSE4: 1 | BSF4: 0 | BSG4: 0 | BSH4: 0 | BSI4: 0 | BSJ4: 0 | BSK4: 0 | BSL4: 0 | BSM4: 2 | BSN4: 2 | BSO4: 0 | BSP4: 0 | BSQ4: 1 | BSR4: 0 | BSS4: 0 | BST4: 3 | BSU4: 1 | BSV4: 1 | BSW4: 1 | BSX4: 1 | BSY4: 0 | BSZ4: 0 | BTA4: 0 | BTB4: 0 | BTC4: 1 | BTD4: 0 | BTE4: 0 | BTF4: 3 | BTG4: 0 | BTH4: 1 | BTI4: 0 | BTJ4: 1 | BTK4: 0 | BTL4: 3 | BTM4: 1 | BTN4: 2 | BTO4: 1 | BTP4: 0 | BTQ4: 0 | BTR4: 1 | BTS4: 1 | BTT4: 4 | BTU4: 0 | BTV4: 0 | BTW4: 1 | BTX4: 1 | BTY4: 0 | BTZ4: 0 | BUA4: 1 | BUB4: 0 | BUC4: 1 | BUD4: 1 | BUE4: 0 | BUF4: 1 | BUG4: 0 | BUH4: 0 | BUI4: 1 | BUJ4: 2 | BUK4: 0 | BUL4: 3 | BUM4: 0 | BUN4: 2 | BUO4: 1 | BUP4: 1 | BUQ4: 0 | BUR4: 1 | BUS4: 0 | BUT4: 1 | BUU4: 0

Sheet CalendarRaw
A1: date | B1: wm_yr_wk | C1: weekday | D1: wday | E1: month | F1: year | G1: d | H1: event_name_1 | I1: event_type_1 | J1: event_name_2 | K1: event_type_2 | L1: snap_CA | M1: snap_TX | N1: snap_WI | O1: Index
A2: 40572 | B2: 11101 | C2: Saturday | D2: 1 | E2: 1 | F2: 2011 | G2: d_1 | L2: 0 | M2: 0 | N2: 0 | O2: 1
A3: 40573 | B3: 11101 | C3: Sunday | D3: 2 | E3: 1 | F3: 2011 | G3: d_2 | L3: 0 | M3: 0 | N3: 0 | O3: 2
A4: 40574 | B4: 11101 | C4: Monday | D4: 3 | E4: 1 | F4: 2011 | G4: d_3 | L4: 0 | M4: 0 | N4: 0 | O4: 3
A5: 40575 | B5: 11101 | C5: Tuesday | D5: 4 | E5: 2 | F5: 2011 | G5: d_4 | L5: 1 | M5: 1 | N5: 0 | O5: 4
A6: 40576 | B6: 11101 | C6: Wednesday | D6: 5 | E6: 2 | F6: 2011 | G6: d_5 | L6: 1 | M6: 0 | N6: 1 | O6: 5
A7: 40577 | B7: 11101 | C7: Thursday | D7: 6 | E7: 2 | F7: 2011 | G7: d_6 | L7: 1 | M7: 1 | N7: 1 | O7: 6
A8: 40578 | B8: 11101 | C8: Friday | D8: 7 | E8: 2 | F8: 2011 | G8: d_7 | L8: 1 | M8: 0 | N8: 0 | O8: 7
A9: 40579 | B9: 11102 | C9: Saturday | D9: 1 | E9: 2 | F9: 2011 | G9: d_8 | L9: 1 | M9: 1 | N9: 1 | O9: 8
A10: 40580 | B10: 11102 | C10: Sunday | D10: 2 | E10: 2 | F10: 2011 | G10: d_9 | H10: SuperBowl | I10: Sporting | L10: 1 | M10: 1 | N10: 1 | O10: 9
A11: 40581 | B11: 11102 | C11: Monday | D11: 3 | E11: 2 | F11: 2011 | G11: d_10 | L11: 1 | M11: 1 | N11: 0 | O11: 10
A12: 40582 | B12: 11102 | C12: Tuesday | D12: 4 | E12: 2 | F12: 2011 | G12: d_11 | L12: 1 | M12: 0 | N12: 1 | O12: 11
A13: 40583 | B13: 11102 | C13: Wednesday | D13: 5 | E13: 2 | F13: 2011 | G13: d_12 | L13: 1 | M13: 1 | N13: 1 | O13: 12
A14: 40584 | B14: 11102 | C14: Thursday | D14: 6 | E14: 2 | F14: 2011 | G14: d_13 | L14: 1 | M14: 0 | N14: 0 | O14: 13
A15: 40585 | B15: 11102 | C15: Friday | D15: 7 | E15: 2 | F15: 2011 | G15: d_14 | L15: 0 | M15: 1 | N15: 1 | O15: 14
A16: 40586 | B16: 11103 | C16: Saturday | D16: 1 | E16: 2 | F16: 2011 | G16: d_15 | L16: 0 | M16: 1 | N16: 1 | O16: 15
A17: 40587 | B17: 11103 | C17: Sunday | D17: 2 | E17: 2 | F17: 2011 | G17: d_16 | L17: 0 | M17: 1 | N17: 0 | O17: 16
A18: 40588 | B18: 11103 | C18: Monday | D18: 3 | E18: 2 | F18: 2011 | G18: d_17 | H18: ValentinesDay | I18: Cultural | L18: 0 | M18: 0 | N18: 1 | O18: 17
A19: 40589 | B19: 11103 | C19: Tuesday | D19: 4 | E19: 2 | F19: 2011 | G19: d_18 | L19: 0 | M19: 1 | N19: 1 | O19: 18
A20: 40590 | B20: 11103 | C20: Wednesday | D20: 5 | E20: 2 | F20: 2011 | G20: d_19 | L20: 0 | M20: 0 | N20: 0 | O20: 19
A21: 40591 | B21: 11103 | C21: Thursday | D21: 6 | E21: 2 | F21: 2011 | G21: d_20 | L21: 0 | M21: 0 | N21: 0 | O21: 20
A22: 40592 | B22: 11103 | C22: Friday | D22: 7 | E22: 2 | F22: 2011 | G22: d_21 | L22: 0 | M22: 0 | N22: 0 | O22: 21
A23: 40593 | B23: 11104 | C23: Saturday | D23: 1 | E23: 2 | F23: 2011 | G23: d_22 | L23: 0 | M23: 0 | N23: 0 | O23: 22
A24: 40594 | B24: 11104 | C24: Sunday | D24: 2 | E24: 2 | F24: 2011 | G24: d_23 | L24: 0 | M24: 0 | N24: 0 | O24: 23
A25: 40595 | B25: 11104 | C25: Monday | D25: 3 | E25: 2 | F25: 2011 | G25: d_24 | H25: PresidentsDay | I25: National | L25: 0 | M25: 0 | N25: 0 | O25: 24
A26: 40596 | B26: 11104 | C26: Tuesday | D26: 4 | E26: 2 | F26: 2011 | G26: d_25 | L26: 0 | M26: 0 | N26: 0 | O26: 25
A27: 40597 | B27: 11104 | C27: Wednesday | D27: 5 | E27: 2 | F27: 2011 | G27: d_26 | L27: 0 | M27: 0 | N27: 0 | O27: 26
A28: 40598 | B28: 11104 | C28: Thursday | D28: 6 | E28: 2 | F28: 2011 | G28: d_27 | L28: 0 | M28: 0 | N28: 0 | O28: 27
A29: 40599 | B29: 11104 | C29: Friday | D29: 7 | E29: 2 | F29: 2011 | G29: d_28 | L29: 0 | M29: 0 | N29: 0 | O29: 28
A30: 40600 | B30: 11105 | C30: Saturday | D30: 1 | E30: 2 | F30: 2011 | G30: d_29 | L30: 0 | M30: 0 | N30: 0 | O30: 29
A31: 40601 | B31: 11105 | C31: Sunday | D31: 2 | E31: 2 | F31: 2011 | G31: d_30 | L31: 0 | M31: 0 | N31: 0 | O31: 30
A32: 40602 | B32: 11105 | C32: Monday | D32: 3 | E32: 2 | F32: 2011 | G32: d_31 | L32: 0 | M32: 0 | N32: 0 | O32: 31
A33: 40603 | B33: 11105 | C33: Tuesday | D33: 4 | E33: 3 | F33: 2011 | G33: d_32 | L33: 1 | M33: 1 | N33: 0 | O33: 32
A34: 40604 | B34: 11105 | C34: Wednesday | D34: 5 | E34: 3 | F34: 2011 | G34: d_33 | L34: 1 | M34: 0 | N34: 1 | O34: 33
A35: 40605 | B35: 11105 | C35: Thursday | D35: 6 | E35: 3 | F35: 2011 | G35: d_34 | L35: 1 | M35: 1 | N35: 1 | O35: 34
A36: 40606 | B36: 11105 | C36: Friday | D36: 7 | E36: 3 | F36: 2011 | G36: d_35 | L36: 1 | M36: 0 | N36: 0 | O36: 35
A37: 40607 | B37: 11106 | C37: Saturday | D37: 1 | E37: 3 | F37: 2011 | G37: d_36 | L37: 1 | M37: 1 | N37: 1 | O37: 36
... A40: 40610 | B40: 11106 | C40: Tuesday | D40: 4 | E40: 3 | F40: 2011 | G40: d_39 | L40: 1 | M40: 0 | N40: 1 | O40: 39
A41: 40611 | B41: 11106 | C41: Wednesday | D41: 5 | E41: 3 | F41: 2011 | G41: d_40 | H41: LentStart | I41: Religious | L41: 1 | M41: 1 | N41: 1 | O41: 40
A42: 40612 | B42: 11106 | C42: Thursday | D42: 6 | E42: 3 | F42: 2011 | G42: d_41 | L42: 1 | M42: 0 | N42: 0 | O42: 41
A43: 40613 | B43: 11106 | C43: Friday | D43: 7 | E43: 3 | F43: 2011 | G43: d_42 | L43: 0 | M43: 1 | N43: 1 | O43: 42
A44: 40614 | B44: 11107 | C44: Saturday | D44: 1 | E44: 3 | F44: 2011 | G44: d_43 | L44: 0 | M44: 1 | N44: 1 | O44: 43
A45: 40615 | B45: 11107 | C45: Sunday | D45: 2 | E45: 3 | F45: 2011 | G45: d_44 | L45: 0 | M45: 1 | N45: 0 | O45: 44
A46: 40616 | B46: 11107 | C46: Monday | D46: 3 | E46: 3 | F46: 2011 | G46: d_45 | L46: 0 | M46: 0 | N46: 1 | O46: 45
A47: 40617 | B47: 11107 | C47: Tuesday | D47: 4 | E47: 3 | F47: 2011 | G47: d_46 | L47: 0 | M47: 1 | N47: 1 | O47: 46
A48: 40618 | B48: 11107 | C48: Wednesday | D48: 5 | E48: 3 | F48: 2011 | G48: d_47 | H48: LentWeek2 | I48: Religious | L48: 0 | M48: 0 | N48: 0 | O48: 47
A49: 40619 | B49: 11107 | C49: Thursday | D49: 6 | E49: 3 | F49: 2011 | G49: d_48 | H49: StPatricksDay | I49: Cultural | L49: 0 | M49: 0 | N49: 0 | O49: 48
A50: 40620 | B50: 11107 | C50: Friday | D50: 7 | E50: 3 | F50: 2011 | G50: d_49 | L50: 0 | M50: 0 | N50: 0 | O50: 49
A51: 40621 | B51: 11108 | C51: Saturday | D51: 1 | E51: 3 | F51: 2011 | G51: d_50 | L51: 0 | M51: 0 | N51: 0 | O51: 50
A52: 40622 | B52: 11108 | C52: Sunday | D52: 2 | E52: 3 | F52: 2011 | G52: d_51 | H52: Purim End | I52: Religious | L52: 0 | M52: 0 | N52: 0 | O52: 51
A53: 40623 | B53: 11108 | C53: Monday | D53: 3 | E53: 3 | F53: 2011 | G53: d_52 | L53: 0 | M53: 0 | N53: 0 | O53: 52
A54: 40624 | B54: 11108 | C54: Tuesday | D54: 4 | E54: 3 | F54: 2011 | G54: d_53 | L54: 0 | M54: 0 | N54: 0 | O54: 53
A55: 40625 | B55: 11108 | C55: Wednesday | D55: 5 | E55: 3 | F55: 2011 | G55: d_54 | L55: 0 | M55: 0 | N55: 0 | O55: 54
A56: 40626 | B56: 11108 | C56: Thursday | D56: 6 | E56: 3 | F56: 2011 | G56: d_55 | L56: 0 | M56: 0 | N56: 0 | O56: 55
A57: 40627 | B57: 11108 | C57: Friday | D57: 7 | E57: 3 | F57: 2011 | G57: d_56 | L57: 0 | M57: 0 | N57: 0 | O57: 56
A58: 40628 | B58: 11109 | C58: Saturday | D58: 1 | E58: 3 | F58: 2011 | G58: d_57 | L58: 0 | M58: 0 | N58: 0 | O58: 57
A59: 40629 | B59: 11109 | C59: Sunday | D59: 2 | E59: 3 | F59: 2011 | G59: d_58 | L59: 0 | M59: 0 | N59: 0 | O59: 58
A60: 40630 | B60: 11109 | C60: Monday | D60: 3 | E60: 3 | F60: 2011 | G60: d_59 | L60: 0 | M60: 0 | N60: 0 | O60: 59
A61: 40631 | B61: 11109 | C61: Tuesday | D61: 4 | E61: 3 | F61: 2011 | G61: d_60 | L61: 0 | M61: 0 | N61: 0 | O61: 60
A62: 40632 | B62: 11109 | C62: Wednesday | D62: 5 | E62: 3 | F62: 2011 | G62: d_61 | L62: 0 | M62: 0 | N62: 0 | O62: 61
A63: 40633 | B63: 11109 | C63: Thursday | D63: 6 | E63: 3 | F63: 2011 | G63: d_62 | L63: 0 | M63: 0 | N63: 0 | O63: 62
A64: 40634 | B64: 11109 | C64: Friday | D64: 7 | E64: 4 | F64: 2011 | G64: d_63 | L64: 1 | M64: 1 | N64: 0 | O64: 63
... A86: 40656 | B86: 11113 | C86: Saturday | D86: 1 | E86: 4 | F86: 2011 | G86: d_85 | L86: 0 | M86: 0 | N86: 0 | O86: 85
A87: 40657 | B87: 11113 | C87: Sunday | D87: 2 | E87: 4 | F87: 2011 | G87: d_86 | H87: OrthodoxEaster | I87: Religious | J87: Easter | K87: Cultural | L87: 0 | M87: 0 | N87: 0 | O87: 86
A88: 40658 | B88: 11113 | C88: Monday | D88: 3 | E88: 4 | F88: 2011 | G88: d_87 | L88: 0 | M88: 0 | N88: 0 | O88: 87
A89: 40659 | B89: 11113 | C89: Tuesday | D89: 4 | E89: 4 | F89: 2011 | G89: d_88 | H89: Pesach End | I89: Religious | L89: 0 | M89: 0 | N89: 0 | O89: 88
A90: 40660 | B90: 11113 | C90: Wednesday | D90: 5 | E90: 4 | F90: 2011 | G90: d_89 | L90: 0 | M90: 0 | N90: 0 | O90: 89
A91: 40661 | B91: 11113 | C91: Thursday | D91: 6 | E91: 4 | F91: 2011 | G91: d_90 | L91: 0 | M91: 0 | N91: 0 | O91: 90
A92: 40662 | B92: 11113 | C92: Friday | D92: 7 | E92: 4 | F92: 2011 | G92: d_91 | L92: 0 | M92: 0 | N92: 0 | O92: 91
A93: 40663 | B93: 11114 | C93: Saturday | D93: 1 | E93: 4 | F93: 2011 | G93: d_92 | L93: 0 | M93: 0 | N93: 0 | O93: 92
A94: 40664 | B94: 11114 | C94: Sunday | D94: 2 | E94: 5 | F94: 2011 | G94: d_93 | L94: 1 | M94: 1 | N94: 0 | O94: 93
A95: 40665 | B95: 11114 | C95: Monday | D95: 3 | E95: 5 | F95: 2011 | G95: d_94 | L95: 1 | M95: 0 | N95: 1 | O95: 94
A96: 40666 | B96: 11114 | C96: Tuesday | D96: 4 | E96: 5 | F96: 2011 | G96: d_95 | L96: 1 | M96: 1 | N96: 1 | O96: 95
A97: 40667 | B97: 11114 | C97: Wednesday | D97: 5 | E97: 5 | F97: 2011 | G97: d_96 | L97: 1 | M97: 0 | N97: 0 | O97: 96
A98: 40668 | B98: 11114 | C98: Thursday | D98: 6 | E98: 5 | F98: 2011 | G98: d_97 | H98: Cinco De Mayo | I98: Cultural | L98: 1 | M98: 1 | N98: 1 | O98: 97
A99: 40669 | B99: 11114 | C99: Friday | D99: 7 | E99: 5 | F99: 2011 | G99: d_98 | L99: 1 | M99: 1 | N99: 1 | O99: 98
A100: 40670 | B100: 11115 | C100: Saturday | D100: 1 | E100: 5 | F100: 2011 | G100: d_99 | L100: 1 | M100: 1 | N100: 0 | O100: 99
A101: 40671 | B101: 11115 | C101: Sunday | D101: 2 | E101: 5 | F101: 2011 | G101: d_100 | H101: Mother's day | I101: Cultural | L101: 1 | M101: 0 | N101: 1 | O101: 100
A102: 40672 | B102: 11115 | C102: Monday | D102: 3 | E102: 5 | F102: 2011 | G102: d_101 | L102: 1 | M102: 1 | N102: 1 | O102: 101
A103: 40673 | B103: 11115 | C103: Tuesday | D103: 4 | E103: 5 | F103: 2011 | G103: d_102 | L103: 1 | M103: 0 | N103: 0 | O103: 102
A104: 40674 | B104: 11115 | C104: Wednesday | D104: 5 | E104: 5 | F104: 2011 | G104: d_103 | L104: 0 | M104: 1 | N104: 1 | O104: 103
A105: 40675 | B105: 11115 | C105: Thursday | D105: 6 | E105: 5 | F105: 2011 | G105: d_104 | L105: 0 | M105: 1 | N105: 1 | O105: 104
A106: 40676 | B106: 11115 | C106: Friday | D106: 7 | E106: 5 | F106: 2011 | G106: d_105 | L106: 0 | M106: 1 | N106: 0 | O106: 105
A107: 40677 | B107: 11116 | C107: Saturday | D107: 1 | E107: 5 | F107: 2011 | G107: d_106 | L107: 0 | M107: 0 | N107: 1 | O107: 106
A108: 40678 | B108: 11116 | C108: Sunday | D108: 2 | E108: 5 | F108: 2011 | G108: d_107 | L108: 0 | M108: 1 | N108: 1 | O108: 107
A109: 40679 | B109: 11116 | C109: Monday | D109: 3 | E109: 5 | F109: 2011 | G109: d_108 | L109: 0 | M109: 0 | N109: 0 | O109: 108
A110: 40680 | B110: 11116 | C110: Tuesday | D110: 4 | E110: 5 | F110: 2011 | G110: d_109 | L110: 0 | M110: 0 | N110: 0 | O110: 109
A111: 40681 | B111: 11116 | C111: Wednesday | D111: 5 | E111: 5 | F111: 2011 | G111: d_110 | L111: 0 | M111: 0 | N111: 0 | O111: 110
A112: 40682 | B112: 11116 | C112: Thursday | D112: 6 | E112: 5 | F112: 2011 | G112: d_111 | L112: 0 | M112: 0 | N112: 0 | O112: 111
A113: 40683 | B113: 11116 | C113: Friday | D113: 7 | E113: 5 | F113: 2011 | G113: d_112 | L113: 0 | M113: 0 | N113: 0 | O113: 112
... A122: 40692 | B122: 11118 | C122: Sunday | D122: 2 | E122: 5 | F122: 2011 | G122: d_121 | L122: 0 | M122: 0 | N122: 0 | O122: 121
A123: 40693 | B123: 11118 | C123: Monday | D123: 3 | E123: 5 | F123: 2011 | G123: d_122 | H123: MemorialDay | I123: National | L123: 0 | M123: 0 | N123: 0 | O123: 122
A124: 40694 | B124: 11118 | C124: Tuesday | D124: 4 | E124: 5 | F124: 2011 | G124: d_123 | H124: NBAFinalsStart | I124: Sporting | L124: 0 | M124: 0 | N124: 0 | O124: 123
A125: 40695 | B125: 11118 | C125: Wednesday | D125: 5 | E125: 6 | F125: 2011 | G125: d_124 | L125: 1 | M125: 1 | N125: 0 | O125: 124
A126: 40696 | B126: 11118 | C126: Thursday | D126: 6 | E126: 6 | F126: 2011 | G126: d_125 | L126: 1 | M126: 0 | N126: 1 | O126: 125
A127: 40697 | B127: 11118 | C127: Friday | D127: 7 | E127: 6 | F127: 2011 | G127: d_126 | L127: 1 | M127: 1 | N127: 1 | O127: 126
A128: 40698 | B128: 11119 | C128: Saturday | D128: 1 | E128: 6 | F128: 2011 | G128: d_127 | L128: 1 | M128: 0 | N128: 0 | O128: 127
A129: 40699 | B129: 11119 | C129: Sunday | D129: 2 | E129: 6 | F129: 2011 | G129: d_128 | L129: 1 | M129: 1 | N129: 1 | O129: 128
A130: 40700 | B130: 11119 | C130: Monday | D130: 3 | E130: 6 | F130: 2011 | G130: d_129 | L130: 1 | M130: 1 | N130: 1 | O130: 129
A131: 40701 | B131: 11119 | C131: Tuesday | D131: 4 | E131: 6 | F131: 2011 | G131: d_130 | L131: 1 | M131: 1 | N131: 0 | O131: 130
...

Sheet MasterData
A1: d | B1: date | C1: wm_yr_wk | D1: weekday | E1: wday | F1: month | G1: year | H1: event_name_1 | I1: event_type_1 | J1: event_name_2 | K1: event_type_2 | L1: snap_CA | M1: SKU1_Sales | N1: SKU2_Sales | O1: SKU3_Sales
A2: =CalendarRaw!G2 -> d_1 | B2: =CalendarRaw!A2 -> 40572 | C2: =CalendarRaw!B2 -> 11101 | D2: =CalendarRaw!C2 -> Saturday | E2: =CalendarRaw!D2 -> 1 | F2: =CalendarRaw!E2 -> 1 | G2: =CalendarRaw!F2 -> 2011 | H2: =CalendarRaw!H2 | I2: =CalendarRaw!I2 | J2: =CalendarRaw!J2 | K2: =CalendarRaw!K2 | L2: =CalendarRaw!L2 -> 0 | M2: =INDEX(SalesRaw!$G$2:$NW$2,MATCH(A2,SalesRaw!$G$1:$NW$1,0)) -> 3 | N2: =INDEX(SalesRaw!$G$3:$NW$3,MATCH(A2,SalesRaw!$G$1:$NW$1,0)) -> 0 | O2: =INDEX(SalesRaw!$G$4:$NW$4,MATCH(A2,SalesRaw!$G$1:$NW$1,0)) -> 0
A3: =CalendarRaw!G3 -> d_2 | B3: =CalendarRaw!A3 -> 40573 | C3: =CalendarRaw!B3 -> 11101 | D3: =CalendarRaw!C3 -> Sunday | E3: =CalendarRaw!D3 -> 2 | F3: =CalendarRaw!E3 -> 1 | G3: =CalendarRaw!F3 -> 2011 | H3: =CalendarRaw!H3 | I3: =CalendarRaw!I3 | J3: =CalendarRaw!J3 | K3: =CalendarRaw!K3 | L3: =CalendarRaw!L3 -> 0 | M3: =INDEX(SalesRaw!$G$2:$NW$2,MATCH(A3,SalesRaw!$G$1:$NW$1,0)) -> 0 | N3: =INDEX(SalesRaw!$G$3:$NW$3,MATCH(A3,SalesRaw!$G$1:$NW$1,0)) -> 1 | O3: =INDEX(SalesRaw!$G$4:$NW$4,MATCH(A3,SalesRaw!$G$1:$NW$1,0)) -> 0
A4: =CalendarRaw!G4 -> d_3 | B4: =CalendarRaw!A4 -> 40574 | C4: =CalendarRaw!B4 -> 11101 | D4: =CalendarRaw!C4 -> Monday | E4: =CalendarRaw!D4 -> 3 | F4: =CalendarRaw!E4 -> 1 | G4: =CalendarRaw!F4 -> 2011 | H4: =CalendarRaw!H4 | I4: =CalendarRaw!I4 | J4: =CalendarRaw!J4 | K4: =CalendarRaw!K4 | L4: =CalendarRaw!L4 -> 0 | M4: =INDEX(SalesRaw!$G$2:$NW$2,MATCH(A4,SalesRaw!$G$1:$NW$1,0)) -> 0 | N4: =INDEX(SalesRaw!$G$3:$NW$3,MATCH(A4,SalesRaw!$G$1:$NW$1,0)) -> 0 | O4: =INDEX(SalesRaw!$G$4:$NW$4,MATCH(A4,SalesRaw!$G$1:$NW$1,0)) -> 0
A5: =CalendarRaw!G5 -> d_4 | B5: =CalendarRaw!A5 -> 40575 | C5: =CalendarRaw!B5 -> 11101 | D5: =CalendarRaw!C5 -> Tuesday | E5: =CalendarRaw!D5 -> 4 | F5: =CalendarRaw!E5 -> 2 | G5: =CalendarRaw!F5 -> 2011 | H5: =CalendarRaw!H5 | I5: =CalendarRaw!I5 | J5: =CalendarRaw!J5 | K5: =CalendarRaw!K5 | L5: =CalendarRaw!L5 -> 1 | M5: =INDEX(SalesRaw!$G$2:$NW$2,MATCH(A5,SalesRaw!$G$1:$NW$1,0)) -> 1 | N5: =INDEX(SalesRaw!$G$3:$NW$3,MATCH(A5,SalesRaw!$G$1:$NW$1,0)) -> 1 | O5: =INDEX(SalesRaw!$G$4:$NW$4,MATCH(A5,SalesRaw!$G$1:$NW$1,0)) -> 0
A6: =CalendarRaw!G6 -> d_5 | B6: =CalendarRaw!A6 -> 40576 | C6: =CalendarRaw!B6 -> 11101 | D6: =CalendarRaw!C6 -> Wednesday | E6: =CalendarRaw!D6 -> 5 | F6: =CalendarRaw!E6 -> 2 | G6: =CalendarRaw!F6 -> 2011 | H6: =CalendarRaw!H6 | I6: =CalendarRaw!I6 | J6: =CalendarRaw!J6 | K6: =CalendarRaw!K6 | L6: =CalendarRaw!L6 -> 1 | M6: =INDEX(SalesRaw!$G$2:$NW$2,MATCH(A6,SalesRaw!$G$1:$NW$1,0)) -> 4 | N6: =INDEX(SalesRaw!$G$3:$NW$3,MATCH(A6,SalesRaw!$G$1:$NW$1,0)) -> 1 | O6: =INDEX(SalesRaw!$G$4:$NW$4,MATCH(A6,SalesRaw!$G$1:$NW$1,0)) -> 1
A7: =CalendarRaw!G7 -> d_6 | B7: =CalendarRaw!A7 -> 40577 | C7: =CalendarRaw!B7 -> 11101 | D7: =CalendarRaw!C7 -> Thursday | E7: =CalendarRaw!D7 -> 6 | F7: =CalendarRaw!E7 -> 2 | G7: =CalendarRaw!F7 -> 2011 | H7: =CalendarRaw!H7 | I7: =CalendarRaw!I7 | J7: =CalendarRaw!J7 | K7: =CalendarRaw!K7 | L7: =CalendarRaw!L7 -> 1 | M7: =INDEX(SalesRaw!$G$2:$NW$2,MATCH(A7,SalesRaw!$G$1:$NW$1,0)) -> 2 | N7: =INDEX(SalesRaw!$G$3:$NW$3,MATCH(A7,SalesRaw!$G$1:$NW$1,0)) -> 1 | O7: =INDEX(SalesRaw!$G$4:$NW$4,MATCH(A7,SalesRaw!$G$1:$NW$1,0)) -> 3
A8: =CalendarRaw!G8 -> d_7 | B8: =CalendarRaw!A8 -> 40578 | C8: =CalendarRaw!B8 -> 11101 | D8: =CalendarRaw!C8 -> Friday | E8: =CalendarRaw!D8 -> 7 | F8: =CalendarRaw!E8 -> 2 | G8: =CalendarRaw!F8 -> 2011 | H8: =CalendarRaw!H8 | I8: =CalendarRaw!I8 | J8: =CalendarRaw!J8 | K8: =CalendarRaw!K8 | L8: =CalendarRaw!L8 -> 1 | M8: =INDEX(SalesRaw!$G$2:$NW$2,MATCH(A8,SalesRaw!$G$1:$NW$1,0)) -> 0 | N8: =INDEX(SalesRaw!$G$3:$NW$3,MATCH(A8,SalesRaw!$G$1:$NW$1,0)) -> 0 | O8: =INDEX(SalesRaw!$G$4:$NW$4,MATCH(A8,SalesRaw!$G$1:$NW$1,0)) -> 1
A9: =CalendarRaw!G9 -> d_8 | B9: =CalendarRaw!A9 -> 40579 | C9: =CalendarRaw!B9 -> 11102 | D9: =CalendarRaw!C9 -> Saturday | E9: =CalendarRaw!D9 -> 1 | F9: =CalendarRaw!E9 -> 2 | G9: =CalendarRaw!F9 -> 2011 | H9: =CalendarRaw!H9 | I9: =CalendarRaw!I9 | J9: =CalendarRaw!J9 | K9: =CalendarRaw!K9 | L9: =CalendarRaw!L9 -> 1 | M9: =INDEX(SalesRaw!$G$2:$NW$2,MATCH(A9,SalesRaw!$G$1:$NW$1,0)) -> 2 | N9: =INDEX(SalesRaw!$G$3:$NW$3,MATCH(A9,SalesRaw!$G$1:$NW$1,0)) -> 0 | O9: =INDEX(SalesRaw!$G$4:$NW$4,MATCH(A9,SalesRaw!$G$1:$NW$1,0)) -> 1
A10: =CalendarRaw!G10 -> d_9 | B10: =CalendarRaw!A10 -> 40580 | C10: =CalendarRaw!B10 -> 11102 | D10: =CalendarRaw!C10 -> Sunday | E10: =CalendarRaw!D10 -> 2 | F10: =CalendarRaw!E10 -> 2 | G10: =CalendarRaw!F10 -> 2011 | H10: =CalendarRaw!H10 -> SuperBowl | I10: =CalendarRaw!I10 -> Sporting | J10: =CalendarRaw!J10 | K10: =CalendarRaw!K10 | L10: =CalendarRaw!L10 -> 1 | M10: =INDEX(SalesRaw!$G$2:$NW$2,MATCH(A10,SalesRaw!$G$1:$NW$1,0)) -> 0 | N10: =INDEX(SalesRaw!$G$3:$NW$3,MATCH(A10,SalesRaw!$G$1:$NW$1,0)) -> 0 | O10: =INDEX(SalesRaw!$G$4:$NW$4,MATCH(A10,SalesRaw!$G$1:$NW$1,0)) -> 1
A11: =CalendarRaw!G11 -> d_10 | B11: =CalendarRaw!A11 -> 40581 | C11: =CalendarRaw!B11 -> 11102 | D11: =CalendarRaw!C11 -> Monday | E11: =CalendarRaw!D11 -> 3 | F11: =CalendarRaw!E11 -> 2 | G11: =CalendarRaw!F11 -> 2011 | H11: =CalendarRaw!H11 | I11: =CalendarRaw!I11 | J11: =CalendarRaw!J11 | K11: =CalendarRaw!K11 | L11: =CalendarRaw!L11 -> 1 | M11: =INDEX(SalesRaw!$G$2:$NW$2,MATCH(A11,SalesRaw!$G$1:$NW$1,0)) -> 0 | N11: =INDEX(SalesRaw!$G$3:$NW$3,MATCH(A11,SalesRaw!$G$1:$NW$1,0)) -> 0 | O11: =INDEX(SalesRaw!$G$4:$NW$4,MATCH(A11,SalesRaw!$G$1:$NW$1,0)) -> 0
A12: =CalendarRaw!G12 -> d_11 | B12: =CalendarRaw!A12 -> 40582 | C12: =CalendarRaw!B12 -> 11102 | D12: =CalendarRaw!C12 -> Tuesday | E12: =CalendarRaw!D12 -> 4 | F12: =CalendarRaw!E12 -> 2 | G12: =CalendarRaw!F12 -> 2011 | H12: =CalendarRaw!H12 | I12: =CalendarRaw!I12 | J12: =CalendarRaw!J12 | K12: =CalendarRaw!K12 | L12: =CalendarRaw!L12 -> 1 | M12: =INDEX(SalesRaw!$G$2:$NW$2,MATCH(A12,SalesRaw!$G$1:$NW$1,0)) -> 0 | N12: =INDEX(SalesRaw!$G$3:$NW$3,MATCH(A12,SalesRaw!$G$1:$NW$1,0)) -> 1 | O12: =INDEX(SalesRaw!$G$4:$NW$4,MATCH(A12,SalesRaw!$G$1:$NW$1,0)) -> 1
A13: =CalendarRaw!G13 -> d_12 | B13: =CalendarRaw!A13 -> 40583 | C13: =CalendarRaw!B13 -> 11102 | D13: =CalendarRaw!C13 -> Wednesday | E13: =CalendarRaw!D13 -> 5 | F13: =CalendarRaw!E13 -> 2 | G13: =CalendarRaw!F13 -> 2011 | H13: =CalendarRaw!H13 | I13: =CalendarRaw!I13 | J13: =CalendarRaw!J13 | K13: =CalendarRaw!K13 | L13: =CalendarRaw!L13 -> 1 | M13: =INDEX(SalesRaw!$G$2:$NW$2,MATCH(A13,SalesRaw!$G$1:$NW$1,0)) -> 0 | N13: =INDEX(SalesRaw!$G$3:$NW$3,MATCH(A13,SalesRaw!$G$1:$NW$1,0)) -> 1 | O13: =INDEX(SalesRaw!$G$4:$NW$4,MATCH(A13,SalesRaw!$G$1:$NW$1,0)) -> 0
... A366: =CalendarRaw!G366 -> d_365 | B366: =CalendarRaw!A366 -> 40936 | C366: =CalendarRaw!B366 -> 11201 | D366: =CalendarRaw!C366 -> Saturday | E366: =CalendarRaw!D366 -> 1 | F366: =CalendarRaw!E366 -> 1 | G366: =CalendarRaw!F366 -> 2012 | H366: =CalendarRaw!H366 | I366: =CalendarRaw!I366 | J366: =CalendarRaw!J366 | K366: =CalendarRaw!K366 | L366: =CalendarRaw!L366 -> 0 | M366: =INDEX(SalesRaw!$G$2:$NW$2,MATCH(A366,SalesRaw!$G$1:$NW$1,0)) -> 2 | N366: =INDEX(SalesRaw!$G$3:$NW$3,MATCH(A366,SalesRaw!$G$1:$NW$1,0)) -> 0 | O366: =INDEX(SalesRaw!$G$4:$NW$4,MATCH(A366,SalesRaw!$G$1:$NW$1,0)) -> 1
